,crawl,size,percentage,type
4,CC-MAIN-2016-18,1338807996,27.757345493461017,success
5,CC-MAIN-2016-18,327260,0.006785042301308494,notmodified
7,CC-MAIN-2016-18,1428609239,29.61918388637516,redirect
10,CC-MAIN-2016-18,529371016,10.975385738087928,failed
12,CC-MAIN-2016-18,530706159,11.003067097659205,denied
19,CC-MAIN-2016-18,995434921,20.638232742115378,skipped
27,CC-MAIN-2016-22,1468074295,28.083013388033745,success
28,CC-MAIN-2016-22,256139,0.00489972134972745,notmodified
30,CC-MAIN-2016-22,1451697791,27.76974478667785,redirect
33,CC-MAIN-2016-22,636193380,12.16983858975505,failed
35,CC-MAIN-2016-22,680258330,13.012763627682396,denied
42,CC-MAIN-2016-22,991143877,18.95973988650123,skipped
56,CC-MAIN-2016-26,1239037032,34.84725702541512,success
57,CC-MAIN-2016-26,283288,0.007967324214903529,notmodified
59,CC-MAIN-2016-26,1277408944,35.92644662627978,redirect
62,CC-MAIN-2016-26,270351945,7.603504553474792,failed
64,CC-MAIN-2016-26,116872738,3.2869835486482866,denied
71,CC-MAIN-2016-26,651668899,18.32784092196712,skipped
92,CC-MAIN-2016-30,1810244403,43.125395452195164,success
93,CC-MAIN-2016-30,59201,0.0014103435602034595,notmodified
95,CC-MAIN-2016-30,1272039498,30.303756935334558,redirect
98,CC-MAIN-2016-30,444915113,10.599198737466335,failed
100,CC-MAIN-2016-30,142286918,3.3896967703670158,denied
107,CC-MAIN-2016-30,528084556,12.580541761076724,skipped
128,CC-MAIN-2016-36,1669540210,50.59639297434324,success
129,CC-MAIN-2016-36,297150,0.009005304623556263,notmodified
131,CC-MAIN-2016-36,500316535,15.162385347054176,redirect
134,CC-MAIN-2016-36,366753983,11.114694056259717,failed
136,CC-MAIN-2016-36,119391691,3.6182350562897545,denied
143,CC-MAIN-2016-36,643422233,19.49928726142956,skipped
158,CC-MAIN-2016-40,1751866875,64.72741606048884,success
159,CC-MAIN-2016-40,258041,0.00953401620066856,notmodified
161,CC-MAIN-2016-40,278635464,10.294933858792986,redirect
164,CC-MAIN-2016-40,183547188,6.781642700110283,failed
166,CC-MAIN-2016-40,67620778,2.498430842206518,denied
173,CC-MAIN-2016-40,424601563,15.688042522200703,skipped
195,CC-MAIN-2016-44,3269916830,67.75875778369259,success
196,CC-MAIN-2016-44,293668,0.006085347094538008,notmodified
198,CC-MAIN-2016-44,598140788,12.394589490106089,redirect
201,CC-MAIN-2016-44,242862037,5.032553057301212,failed
203,CC-MAIN-2016-44,100629542,2.0852312510535382,denied
210,CC-MAIN-2016-44,613978825,12.72278307075204,skipped
232,CC-MAIN-2016-50,2842785646,72.195830937844,success
233,CC-MAIN-2016-50,304473,0.007732444148248726,notmodified
235,CC-MAIN-2016-50,347660713,8.829246093456003,redirect
238,CC-MAIN-2016-50,152448705,3.8716112656470236,failed
240,CC-MAIN-2016-50,66545613,1.6900028437118375,denied
247,CC-MAIN-2016-50,527858461,13.4055764151929,skipped
269,CC-MAIN-2017-04,3180033761,75.26870824042463,success
270,CC-MAIN-2017-04,275513,0.006521159576281654,notmodified
272,CC-MAIN-2017-04,354822802,8.39835547921655,redirect
275,CC-MAIN-2017-04,170089567,4.0258761244211705,failed
277,CC-MAIN-2017-04,68561517,1.6227930919736904,denied
284,CC-MAIN-2017-04,451124953,10.677745904387672,skipped
306,CC-MAIN-2017-09,3332987429,58.25096346303471,success
307,CC-MAIN-2017-09,171060,0.0029896331811177426,notmodified
309,CC-MAIN-2017-09,1317366952,23.02375746175111,redirect
312,CC-MAIN-2017-09,314554706,5.497504889128589,failed
314,CC-MAIN-2017-09,157524153,2.753065793500924,denied
321,CC-MAIN-2017-09,599167892,10.471718759403554,skipped
343,CC-MAIN-2017-13,3126884662,70.09597083959953,success
344,CC-MAIN-2017-13,295435,0.006622822835988917,notmodified
346,CC-MAIN-2017-13,519679909,11.649763801614034,redirect
349,CC-MAIN-2017-13,183454750,4.1125401786201286,failed
351,CC-MAIN-2017-13,123756901,2.774282092690506,denied
358,CC-MAIN-2017-13,506790536,11.360820264639814,skipped
380,CC-MAIN-2017-17,2994688505,70.0361578844851,success
381,CC-MAIN-2017-17,172749,0.004040044972352447,notmodified
383,CC-MAIN-2017-17,545836002,12.76535317488993,redirect
386,CC-MAIN-2017-17,188659946,4.412150960767265,failed
388,CC-MAIN-2017-17,89132197,2.0845161729710617,denied
395,CC-MAIN-2017-17,457428349,10.697781761914285,skipped
417,CC-MAIN-2017-22,3033250432,63.227699770648314,success
418,CC-MAIN-2017-22,257506,0.00536767814664258,notmodified
420,CC-MAIN-2017-22,870060004,18.136284473909562,redirect
423,CC-MAIN-2017-22,290426084,6.05389289687146,failed
425,CC-MAIN-2017-22,141247543,2.9442861518879484,denied
431,CC-MAIN-2017-22,462102701,9.632469028536073,skipped
453,CC-MAIN-2017-26,3212658689,70.2249854770974,success
454,CC-MAIN-2017-26,158123,0.0034563850235990855,notmodified
456,CC-MAIN-2017-26,568368089,12.423865919007559,redirect
459,CC-MAIN-2017-26,233163840,5.0966905802498905,failed
461,CC-MAIN-2017-26,93816516,2.0507200146003046,denied
467,CC-MAIN-2017-26,466643363,10.200281624021247,skipped
490,CC-MAIN-2017-30,2979385367,53.8328514756018,success
491,CC-MAIN-2017-30,166146,0.0030019993520580836,notmodified
493,CC-MAIN-2017-30,883329920,15.96039536006596,redirect
496,CC-MAIN-2017-30,626424090,11.318507290537086,failed
498,CC-MAIN-2017-30,502371672,9.077073380257943,denied
504,CC-MAIN-2017-30,542834326,9.808170494185154,skipped
528,CC-MAIN-2017-34,3311349890,72.04626161290652,success
529,CC-MAIN-2017-34,6511421,0.1416713897418353,notmodified
531,CC-MAIN-2017-34,398111932,8.661868228033025,redirect
534,CC-MAIN-2017-34,322474456,7.016195748633411,failed
536,CC-MAIN-2017-34,77558203,1.6874624455843632,denied
542,CC-MAIN-2017-34,480138042,10.446540575100839,skipped
567,CC-MAIN-2017-39,3070502683,66.93370770114278,success
568,CC-MAIN-2017-39,48612783,1.0597072023014684,notmodified
570,CC-MAIN-2017-39,653959106,14.255616154270152,redirect
573,CC-MAIN-2017-39,276440837,6.026117574448397,failed
575,CC-MAIN-2017-39,89518551,1.9514096371378555,denied
581,CC-MAIN-2017-39,448344789,9.773441730699355,skipped
606,CC-MAIN-2017-43,3712542097,66.3949107197804,success
607,CC-MAIN-2017-43,66501392,1.189307452742163,notmodified
609,CC-MAIN-2017-43,837200905,14.972457655607926,redirect
612,CC-MAIN-2017-43,352090300,6.2967647027332,failed
614,CC-MAIN-2017-43,92641850,1.6568020507122851,denied
620,CC-MAIN-2017-43,530629886,9.489757418424029,skipped
645,CC-MAIN-2017-47,3252728548,64.92417531156383,success
646,CC-MAIN-2017-47,62082353,1.2391582975482867,notmodified
648,CC-MAIN-2017-47,686084836,13.694192894902928,redirect
651,CC-MAIN-2017-47,380412550,7.5930009905391715,failed
653,CC-MAIN-2017-47,94621993,1.8886466457949154,denied
659,CC-MAIN-2017-47,534111869,10.660825859650867,skipped
684,CC-MAIN-2017-51,2944314545,70.63217260765897,success
685,CC-MAIN-2017-51,79404292,1.904856825795749,notmodified
687,CC-MAIN-2017-51,371810357,8.919486322389277,redirect
690,CC-MAIN-2017-51,232678965,5.581815586232293,failed
692,CC-MAIN-2017-51,62236913,1.4930226762113337,denied
698,CC-MAIN-2017-51,478072526,11.46864598171237,skipped
723,CC-MAIN-2018-05,3539656618,63.71596028865095,success
724,CC-MAIN-2018-05,57260633,1.0307260313833684,notmodified
726,CC-MAIN-2018-05,842022112,15.156907361446777,redirect
729,CC-MAIN-2018-05,441747825,7.9517280665494,failed
731,CC-MAIN-2018-05,112706070,2.0287774367411573,denied
737,CC-MAIN-2018-05,561975604,10.115900815228352,skipped
762,CC-MAIN-2018-09,3537023788,70.05233548642732,success
763,CC-MAIN-2018-09,81979040,1.6236314927874738,notmodified
765,CC-MAIN-2018-09,437813280,8.671087504422841,redirect
768,CC-MAIN-2018-09,450570672,8.923753349461219,failed
770,CC-MAIN-2018-09,68342465,1.3535530358580155,denied
776,CC-MAIN-2018-09,473386910,9.375639131043124,skipped
801,CC-MAIN-2018-13,3285419961,68.69248311760866,success
802,CC-MAIN-2018-13,111508186,2.3314444653062623,notmodified
804,CC-MAIN-2018-13,496906934,10.389469711637172,redirect
807,CC-MAIN-2018-13,374995914,7.840519871857329,failed
809,CC-MAIN-2018-13,66986277,1.4005678898150329,denied
815,CC-MAIN-2018-13,446976728,9.345514943775543,skipped
840,CC-MAIN-2018-17,3144252077,69.14165852077643,success
841,CC-MAIN-2018-17,100902383,2.2188291328013006,notmodified
843,CC-MAIN-2018-17,382972702,8.421515557915326,redirect
846,CC-MAIN-2018-17,420996466,9.257652751047438,failed
848,CC-MAIN-2018-17,60259746,1.3251032927538156,denied
854,CC-MAIN-2018-17,438167472,9.635240744705683,skipped
879,CC-MAIN-2018-22,2840416631,66.08270202060226,success
880,CC-MAIN-2018-22,108799877,2.531244808666654,notmodified
882,CC-MAIN-2018-22,392630990,9.134616532325206,redirect
885,CC-MAIN-2018-22,470619009,10.949019026842238,failed
887,CC-MAIN-2018-22,70039800,1.6294860347135385,denied
893,CC-MAIN-2018-22,415769254,9.672931576850106,skipped
918,CC-MAIN-2018-26,3113935691,70.54289846195273,success
919,CC-MAIN-2018-26,103681263,2.3487886501173145,notmodified
921,CC-MAIN-2018-26,417302854,9.453551960847186,redirect
924,CC-MAIN-2018-26,453481549,10.273141785790347,failed
926,CC-MAIN-2018-26,60098834,1.3614751122821926,denied
931,CC-MAIN-2018-26,265743849,6.020144029010231,skipped
956,CC-MAIN-2018-30,3318163845,69.0702109493858,success
957,CC-MAIN-2018-30,99627702,2.073829598231472,notmodified
959,CC-MAIN-2018-30,546641385,11.378773785540545,redirect
962,CC-MAIN-2018-30,526909659,10.96804226627903,failed
964,CC-MAIN-2018-30,68747924,1.4310425388329018,denied
970,CC-MAIN-2018-30,243954238,5.0781008617302525,skipped
995,CC-MAIN-2018-34,2735259369,69.1283649845395,success
996,CC-MAIN-2018-34,100121564,2.530377958835146,notmodified
998,CC-MAIN-2018-34,437420532,11.054953885006668,redirect
1001,CC-MAIN-2018-34,430736512,10.886028268898501,failed
1003,CC-MAIN-2018-34,51306382,1.2966690987805214,denied
1008,CC-MAIN-2018-34,201938605,5.103605803939668,skipped
1025,CC-MAIN-2018-39,2884119432,69.7300871129273,success
1026,CC-MAIN-2018-39,84584691,2.0450255306383016,notmodified
1028,CC-MAIN-2018-39,429090903,10.374239607964554,redirect
1031,CC-MAIN-2018-39,491507003,11.883289490559424,failed
1033,CC-MAIN-2018-39,53144101,1.2848784107731799,denied
1038,CC-MAIN-2018-39,193672942,4.682479847137244,skipped
1064,CC-MAIN-2018-43,3090406673,73.25612910798816,success
1065,CC-MAIN-2018-43,27315531,0.6474973287728378,notmodified
1067,CC-MAIN-2018-43,419367941,9.940850923617962,redirect
1070,CC-MAIN-2018-43,438435857,10.39284377249448,failed
1072,CC-MAIN-2018-43,58591517,1.388874730139726,denied
1077,CC-MAIN-2018-43,184514711,4.373804136986836,skipped
1103,CC-MAIN-2018-47,2691695481,73.60526401558778,success
1104,CC-MAIN-2018-47,23960257,0.6552008036626544,notmodified
1106,CC-MAIN-2018-47,412947359,11.29217610174927,redirect
1109,CC-MAIN-2018-47,292795729,8.006591788635355,failed
1111,CC-MAIN-2018-47,63033752,1.723677879092551,denied
1116,CC-MAIN-2018-47,172500818,4.717089411272395,skipped
1142,CC-MAIN-2018-51,3219306621,75.98526004075129,success
1143,CC-MAIN-2018-51,32755355,0.7731242967558642,notmodified
1145,CC-MAIN-2018-51,405334070,9.567095756402038,redirect
1148,CC-MAIN-2018-51,336602364,7.944822028454934,failed
1150,CC-MAIN-2018-51,63860093,1.5072890979624276,denied
1155,CC-MAIN-2018-51,178892966,4.2224087796734535,skipped
1181,CC-MAIN-2019-04,2941135435,74.96799802790991,success
1182,CC-MAIN-2019-04,41894460,1.0678677891827006,notmodified
1184,CC-MAIN-2019-04,365410946,9.314133158612838,redirect
1187,CC-MAIN-2019-04,346755275,8.838609899774085,failed
1189,CC-MAIN-2019-04,78077218,1.9901472932506055,denied
1194,CC-MAIN-2019-04,149914576,3.8212438312698613,skipped
1220,CC-MAIN-2019-09,2965203537,76.3865114464242,success
1221,CC-MAIN-2019-09,42989143,1.1074419084107097,notmodified
1223,CC-MAIN-2019-09,387934575,9.993569913140572,redirect
1226,CC-MAIN-2019-09,347563610,8.953574802654606,failed
1228,CC-MAIN-2019-09,71720497,1.8475893801801209,denied
1233,CC-MAIN-2019-09,66430446,1.7113125491897943,skipped
1259,CC-MAIN-2019-13,2614037004,76.18173398632392,success
1260,CC-MAIN-2019-13,28321635,0.8253866568553598,notmodified
1262,CC-MAIN-2019-13,361246817,10.52793394813788,redirect
1265,CC-MAIN-2019-13,309633058,9.023737315819575,failed
1267,CC-MAIN-2019-13,64466351,1.87876391781598,denied
1272,CC-MAIN-2019-13,53612417,1.5624441750472902,skipped
1298,CC-MAIN-2019-18,2541879921,76.3094918972486,success
1299,CC-MAIN-2019-18,30291091,0.9093654441056188,notmodified
1301,CC-MAIN-2019-18,351032580,10.538309696644507,redirect
1304,CC-MAIN-2019-18,286427988,8.598822489156921,failed
1306,CC-MAIN-2019-18,77951846,2.3401836221958066,denied
1311,CC-MAIN-2019-18,43430656,1.3038268506485406,skipped
1337,CC-MAIN-2019-22,2729146942,75.68369727193661,success
1338,CC-MAIN-2019-22,28583594,0.7926696954084137,notmodified
1340,CC-MAIN-2019-22,385343429,10.686201969320711,redirect
1343,CC-MAIN-2019-22,302573998,8.390870610363622,failed
1345,CC-MAIN-2019-22,105471841,2.924906226964833,denied
1350,CC-MAIN-2019-22,54870707,1.52165422600581,skipped
1376,CC-MAIN-2019-26,2632942767,77.91724468074996,success
1377,CC-MAIN-2019-26,20177097,0.5971051948415657,notmodified
1379,CC-MAIN-2019-26,304173431,9.001470121439299,redirect
1382,CC-MAIN-2019-26,256657097,7.595308973915109,failed
1384,CC-MAIN-2019-26,103907552,3.0749586564643128,denied
1389,CC-MAIN-2019-26,61294871,1.8139123725897552,skipped
1415,CC-MAIN-2019-30,2633907026,77.1102067919287,success
1416,CC-MAIN-2019-30,28082880,0.822153805254673,notmodified
1418,CC-MAIN-2019-30,312689313,9.154285762194599,redirect
1421,CC-MAIN-2019-30,272533844,7.978695094850792,failed
1423,CC-MAIN-2019-30,107291579,3.1410660141207867,denied
1428,CC-MAIN-2019-30,61264989,1.793592531650446,skipped
1454,CC-MAIN-2019-35,2996282936,77.53522779558897,success
1455,CC-MAIN-2019-35,21963694,0.568357546299029,notmodified
1457,CC-MAIN-2019-35,338960200,8.771319959430691,redirect
1460,CC-MAIN-2019-35,317267074,8.20996393867591,failed
1462,CC-MAIN-2019-35,111806502,2.893232310420892,denied
1467,CC-MAIN-2019-35,78134546,2.0218984495845103,skipped
1493,CC-MAIN-2019-39,2599795453,75.35835961296225,success
1494,CC-MAIN-2019-39,17663707,0.5120048897185291,notmodified
1496,CC-MAIN-2019-39,336325102,9.748808489581664,redirect
1499,CC-MAIN-2019-39,299578409,8.68365911312373,failed
1501,CC-MAIN-2019-39,116639474,3.38094268786259,denied
1506,CC-MAIN-2019-39,79907681,2.3162252067512443,skipped
1532,CC-MAIN-2019-43,3059287294,76.46913994554646,success
1533,CC-MAIN-2019-43,24576481,0.6143072501376079,notmodified
1535,CC-MAIN-2019-43,340555074,8.512424989946672,redirect
1538,CC-MAIN-2019-43,303888672,7.59592125676127,failed
1540,CC-MAIN-2019-43,121870260,3.0462369406814305,denied
1545,CC-MAIN-2019-43,150504450,3.7619696169265686,skipped
1571,CC-MAIN-2019-47,2628115182,76.94154847214736,success
1572,CC-MAIN-2019-47,14500798,0.4245300433722838,notmodified
1574,CC-MAIN-2019-47,291338314,8.529314530029867,redirect
1577,CC-MAIN-2019-47,296146524,8.670081238168486,failed
1579,CC-MAIN-2019-47,104905957,3.0712606627042827,denied
1584,CC-MAIN-2019-47,80722742,2.3632650535777184,skipped
1610,CC-MAIN-2019-51,2505464002,76.55441840519276,success
1611,CC-MAIN-2019-51,16926316,0.5171833544956711,notmodified
1613,CC-MAIN-2019-51,280132141,8.559433747097378,redirect
1616,CC-MAIN-2019-51,283626843,8.666214319037707,failed
1618,CC-MAIN-2019-51,105217675,3.214924624397613,denied
1624,CC-MAIN-2019-51,81421262,2.4878255497788717,skipped
1650,CC-MAIN-2020-05,3143769355,79.8585313639073,success
1651,CC-MAIN-2020-05,25246448,0.6413143051441365,notmodified
1653,CC-MAIN-2020-05,289421997,7.351943802133406,redirect
1656,CC-MAIN-2020-05,283266112,7.195571027978317,failed
1658,CC-MAIN-2020-05,102500036,2.6037222885607103,denied
1664,CC-MAIN-2020-05,92469193,2.348917212276121,skipped
1690,CC-MAIN-2020-10,2673682290,73.87788065699935,success
1691,CC-MAIN-2020-10,20074055,0.5546764644171843,notmodified
1693,CC-MAIN-2020-10,350414742,9.682488673674543,redirect
1696,CC-MAIN-2020-10,305360697,8.437577349664885,failed
1698,CC-MAIN-2020-10,110083507,3.0417735954895195,denied
1704,CC-MAIN-2020-10,159441274,4.405603259754521,skipped
1730,CC-MAIN-2020-16,2896755264,78.31749488985392,success
1731,CC-MAIN-2020-16,18674174,0.5048802517053932,notmodified
1733,CC-MAIN-2020-16,311225274,8.414374562119855,redirect
1736,CC-MAIN-2020-16,221458420,5.987412499844903,failed
1738,CC-MAIN-2020-16,96226896,2.6016175855118786,denied
1744,CC-MAIN-2020-16,154393273,4.174220210964056,skipped
1772,CC-MAIN-2020-24,2770235619,70.03348459789206,success
1773,CC-MAIN-2020-24,22629264,0.5720835444234583,notmodified
1775,CC-MAIN-2020-24,430846074,10.892088629787148,redirect
1778,CC-MAIN-2020-24,414463727,10.477931495125809,failed
1780,CC-MAIN-2020-24,102936869,2.602315694817702,denied
1786,CC-MAIN-2020-24,214475742,5.422096037953828,skipped
1814,CC-MAIN-2020-29,3079189122,73.87566003473201,success
1815,CC-MAIN-2020-29,21484094,0.5154446711825665,notmodified
1817,CC-MAIN-2020-29,422243022,10.130420935317225,redirect
1820,CC-MAIN-2020-29,357372437,8.574051029528054,failed
1822,CC-MAIN-2020-29,97612832,2.3419192865865837,denied
1828,CC-MAIN-2020-29,190168356,4.5625040426535675,skipped
1856,CC-MAIN-2020-34,2452118051,72.54388105303735,success
1857,CC-MAIN-2020-34,17324426,0.5125287905872309,notmodified
1859,CC-MAIN-2020-34,388456190,11.49215456008895,redirect
1862,CC-MAIN-2020-34,274970201,8.13476559431509,failed
1864,CC-MAIN-2020-34,104232778,3.0836403842694313,denied
1870,CC-MAIN-2020-34,143084271,4.233029617701942,skipped
1898,CC-MAIN-2020-40,3479666684,74.8927020320091,success
1899,CC-MAIN-2020-40,21422070,0.46106620291992345,notmodified
1901,CC-MAIN-2020-40,445984922,9.598912455522656,redirect
1904,CC-MAIN-2020-40,344486835,7.414373912948291,failed
1906,CC-MAIN-2020-40,109600157,2.3589190133081197,denied
1912,CC-MAIN-2020-40,245041952,5.274026383291911,skipped
1940,CC-MAIN-2020-45,2735297287,77.26549255987115,success
1941,CC-MAIN-2020-45,11505024,0.3249889328293473,notmodified
1943,CC-MAIN-2020-45,373459777,10.549329960712472,redirect
1946,CC-MAIN-2020-45,194385249,5.490910286695357,failed
1948,CC-MAIN-2020-45,113177141,3.196978839354579,denied
1954,CC-MAIN-2020-45,112303458,3.1722994205371,skipped
1982,CC-MAIN-2020-50,2642459905,77.3755523346184,success
1983,CC-MAIN-2020-50,14561039,0.4263710616986333,notmodified
1985,CC-MAIN-2020-50,343286198,10.05198191610827,redirect
1988,CC-MAIN-2020-50,207602914,6.07895321576366,failed
1990,CC-MAIN-2020-50,110376991,3.2320190090673124,denied
1996,CC-MAIN-2020-50,96822539,2.835122462743718,skipped
2024,CC-MAIN-2021-04,3409444621,79.20226652074425,success
2025,CC-MAIN-2021-04,23666907,0.54978827472079,notmodified
2027,CC-MAIN-2021-04,394433417,9.162788691596072,redirect
2030,CC-MAIN-2021-04,257887248,5.990786423862336,failed
2032,CC-MAIN-2021-04,110730976,2.572308762323239,denied
2038,CC-MAIN-2021-04,108567959,2.522061326753321,skipped
2066,CC-MAIN-2021-10,2734510630,79.83695364516497,success
2067,CC-MAIN-2021-10,12320903,0.3597219008351684,notmodified
2069,CC-MAIN-2021-10,326310515,9.526983429567032,redirect
2072,CC-MAIN-2021-10,181747724,5.306318599354736,failed
2074,CC-MAIN-2021-10,100986517,2.9484090455028378,denied
2080,CC-MAIN-2021-10,69242663,2.021613379575262,skipped
2108,CC-MAIN-2021-17,3127001582,79.7520946541044,success
2109,CC-MAIN-2021-17,14621976,0.37292376847350206,notmodified
2111,CC-MAIN-2021-17,328249320,8.371780490767081,redirect
2114,CC-MAIN-2021-17,186097365,4.746289465855286,failed
2116,CC-MAIN-2021-17,118353077,3.01851647720353,denied
2122,CC-MAIN-2021-17,146578815,3.738395143596207,skipped
2150,CC-MAIN-2021-21,2631391117,71.75146972934378,success
2151,CC-MAIN-2021-21,12291299,0.33515305362065395,notmodified
2153,CC-MAIN-2021-21,356336783,9.716414915934461,redirect
2156,CC-MAIN-2021-21,289983197,7.907118195825328,failed
2158,CC-MAIN-2021-21,114522728,3.122749027435389,denied
2164,CC-MAIN-2021-21,262843819,7.167095077840386,skipped
2183,CC-MAIN-2021-25,2455171959,74.73609822067552,success
2184,CC-MAIN-2021-25,11183164,0.340418535678593,notmodified
2186,CC-MAIN-2021-25,299978448,9.131425060322547,redirect
2189,CC-MAIN-2021-25,234856453,7.14909392591652,failed
2191,CC-MAIN-2021-25,96776770,2.945911043699617,denied
2197,CC-MAIN-2021-25,187155145,5.697053213707207,skipped
2225,CC-MAIN-2021-31,3163682448,78.2592109663594,success
2226,CC-MAIN-2021-31,19975742,0.49413486754204294,notmodified
2228,CC-MAIN-2021-31,302675792,7.487214361704458,redirect
2231,CC-MAIN-2021-31,253122744,6.261433171209282,failed
2233,CC-MAIN-2021-31,97733492,2.4176086236917413,denied
2239,CC-MAIN-2021-31,205378585,5.0803980094930745,skipped
2267,CC-MAIN-2021-39,2966078302,76.37419194214766,success
2268,CC-MAIN-2021-39,16785975,0.4322257021069338,notmodified
2270,CC-MAIN-2021-39,378454582,9.744908914765817,redirect
2273,CC-MAIN-2021-39,232438960,5.985121071787936,failed
2275,CC-MAIN-2021-39,132630205,3.4151238445614007,denied
2281,CC-MAIN-2021-39,157225310,4.048428524630253,skipped
2309,CC-MAIN-2021-43,3324131032,79.40812827299732,success
2310,CC-MAIN-2021-43,14630482,0.34949861487643613,notmodified
2312,CC-MAIN-2021-43,367739305,8.784698804395049,redirect
2315,CC-MAIN-2021-43,203497203,4.861219922879434,failed
2317,CC-MAIN-2021-43,131650568,3.1449197069307813,denied
2323,CC-MAIN-2021-43,144485883,3.451534677920988,skipped
2351,CC-MAIN-2021-49,2531182805,73.28467636110699,success
2352,CC-MAIN-2021-49,9243543,0.267625892466892,notmodified
2354,CC-MAIN-2021-49,401090769,11.612676547710874,redirect
2357,CC-MAIN-2021-49,228590793,6.618329680117198,failed
2359,CC-MAIN-2021-49,139919756,4.051060245324738,denied
2365,CC-MAIN-2021-49,143876930,4.165631273273305,skipped
2393,CC-MAIN-2022-05,2974668205,79.47904871180712,success
2394,CC-MAIN-2022-05,13244379,0.3538716156407889,notmodified
2396,CC-MAIN-2022-05,328785673,8.784701593336623,redirect
2399,CC-MAIN-2022-05,161665811,4.319488420895266,failed
2401,CC-MAIN-2022-05,135905269,3.6312021209243572,denied
2407,CC-MAIN-2022-05,128378559,3.430098767708651,skipped
2435,CC-MAIN-2022-21,3456340061,78.84283824562677,success
2436,CC-MAIN-2022-21,14268392,0.3254773843508088,notmodified
2438,CC-MAIN-2022-21,412102378,9.400498954345263,redirect
2441,CC-MAIN-2022-21,164845125,3.760294790610051,failed
2443,CC-MAIN-2022-21,133311015,3.0409677886163657,denied
2449,CC-MAIN-2022-21,202907136,4.628530243029056,skipped
2477,CC-MAIN-2022-27,3117835780,78.78763307029679,success
2478,CC-MAIN-2022-27,13339554,0.3370901997517681,notmodified
2480,CC-MAIN-2022-27,372155177,9.404352121036776,redirect
2483,CC-MAIN-2022-27,134827300,3.4070825373165823,failed
2485,CC-MAIN-2022-27,124893389,3.1560528519683104,denied
2492,CC-MAIN-2022-27,194214247,4.907789219629774,skipped
2520,CC-MAIN-2022-33,2599832705,70.43907784187752,success
2521,CC-MAIN-2022-33,14037766,0.38033496928413385,notmodified
2523,CC-MAIN-2022-33,457905521,12.406353137997193,redirect
2526,CC-MAIN-2022-33,208435120,5.64727784769562,failed
2528,CC-MAIN-2022-33,132323121,3.585122459023446,denied
2535,CC-MAIN-2022-33,278361197,7.541833744122087,skipped
2563,CC-MAIN-2022-40,3185182948,76.2406053167855,success
2564,CC-MAIN-2022-40,17270873,0.4133959754795621,notmodified
2566,CC-MAIN-2022-40,323479115,7.7428028272045335,redirect
2569,CC-MAIN-2022-40,153122530,3.6651440640695183,failed
2571,CC-MAIN-2022-40,116641634,2.791936578362892,denied
2578,CC-MAIN-2022-40,382106755,9.146115238097984,skipped
2606,CC-MAIN-2022-49,3389743574,74.78784399135048,success
2607,CC-MAIN-2022-49,20618364,0.45490254838635685,notmodified
2609,CC-MAIN-2022-49,359832033,7.938966874517477,redirect
2612,CC-MAIN-2022-49,181958126,4.014538457901209,failed
2614,CC-MAIN-2022-49,133107555,2.93674929683932,denied
2621,CC-MAIN-2022-49,447219683,9.86699883100515,skipped
2649,CC-MAIN-2023-06,3192983431,79.4298141181755,success
2650,CC-MAIN-2023-06,16239596,0.40398208118176304,notmodified
2652,CC-MAIN-2023-06,293563520,7.3027926168018045,redirect
2655,CC-MAIN-2023-06,139858672,3.479175059889271,failed
2657,CC-MAIN-2023-06,95314964,2.3710896209785526,denied
2664,CC-MAIN-2023-06,281920093,7.013146502973115,skipped
2692,CC-MAIN-2023-14,3124887981,77.46254748765058,success
2693,CC-MAIN-2023-14,15540229,0.3852252414168905,notmodified
2695,CC-MAIN-2023-14,305738613,7.5789250598167035,redirect
2698,CC-MAIN-2023-14,148111573,3.6715235319608484,failed
2700,CC-MAIN-2023-14,109948326,2.7254984741044024,denied
2707,CC-MAIN-2023-14,329836296,8.17628020505058,skipped
2735,CC-MAIN-2023-23,3147083566,74.39007645238867,success
2736,CC-MAIN-2023-23,17515925,0.4140376232654211,notmodified
2738,CC-MAIN-2023-23,331873857,7.84476200807027,redirect
2741,CC-MAIN-2023-23,178082478,4.209474859953822,failed
2743,CC-MAIN-2023-23,109575127,2.5901130058553385,denied
2750,CC-MAIN-2023-23,446384347,10.551536050466476,skipped
2778,CC-MAIN-2023-40,3460550562,75.22017698439767,success
2779,CC-MAIN-2023-40,20378958,0.44296674764713545,notmodified
2781,CC-MAIN-2023-40,402993441,8.759657578316702,redirect
2784,CC-MAIN-2023-40,218722976,4.754266892076743,failed
2786,CC-MAIN-2023-40,219872763,4.77925921051996,denied
2793,CC-MAIN-2023-40,278042879,6.043672587041792,skipped
2821,CC-MAIN-2023-50,3370910459,74.15174085137137,success
2822,CC-MAIN-2023-50,17677519,0.38886194804831914,notmodified
2824,CC-MAIN-2023-50,425031113,9.349639312073444,redirect
2827,CC-MAIN-2023-50,232223886,5.1083544412149005,failed
2829,CC-MAIN-2023-50,198112719,4.357992648373861,denied
2836,CC-MAIN-2023-50,302006975,6.643410798918107,skipped
2864,CC-MAIN-2024-10,3128032551,72.30538910238164,success
2865,CC-MAIN-2024-10,16903617,0.3907320606468436,notmodified
2867,CC-MAIN-2024-10,410546388,9.489900071349142,redirect
2870,CC-MAIN-2024-10,228764288,5.287953557670408,failed
2872,CC-MAIN-2024-10,167583708,3.8737465216869817,denied
2879,CC-MAIN-2024-10,374309712,8.65227868626499,skipped
2907,CC-MAIN-2024-18,2803116264,72.84194582462347,success
2908,CC-MAIN-2024-18,15520472,0.40331590776877796,notmodified
2910,CC-MAIN-2024-18,348811789,9.064243878729103,redirect
2913,CC-MAIN-2024-18,195772403,5.087353299050443,failed
2915,CC-MAIN-2024-18,152242605,3.956185381260215,denied
2922,CC-MAIN-2024-18,332753634,8.646955708567994,skipped
2950,CC-MAIN-2024-22,2724733199,72.72929723598993,success
2951,CC-MAIN-2024-22,17254235,0.46055459167715035,notmodified
2953,CC-MAIN-2024-22,332733623,8.88141362848158,redirect
2956,CC-MAIN-2024-22,189463274,5.057203683320997,failed
2958,CC-MAIN-2024-22,147058405,3.925321735067826,denied
2965,CC-MAIN-2024-22,335161124,8.946209125462518,skipped
2993,CC-MAIN-2024-26,2813450427,70.57947142841805,success
2994,CC-MAIN-2024-26,22419628,0.5624287809289917,notmodified
2996,CC-MAIN-2024-26,345658696,8.67134811553452,redirect
2999,CC-MAIN-2024-26,224637679,5.635360941345154,failed
3001,CC-MAIN-2024-26,160406720,4.0240344747209065,denied
3008,CC-MAIN-2024-26,419642562,10.52734035424579,skipped
3038,CC-MAIN-2024-30,2560559486,71.53427005942619,success
3039,CC-MAIN-2024-30,18632553,0.5205370488309646,notmodified
3041,CC-MAIN-2024-30,299773740,8.374769573263572,redirect
3044,CC-MAIN-2024-30,196223870,5.481900102470706,failed
3046,CC-MAIN-2024-30,154336223,4.31168622185793,denied
3053,CC-MAIN-2024-30,349959383,9.776804307897326,skipped
3088,CC-MAIN-2024-33,2328003168,70.75870038791591,success
3089,CC-MAIN-2024-33,17106553,0.5199466542981113,notmodified
3091,CC-MAIN-2024-33,277751569,8.442144891937085,redirect
3094,CC-MAIN-2024-33,168485639,5.121051815367443,failed
3096,CC-MAIN-2024-33,148619592,4.517231474017609,denied
3103,CC-MAIN-2024-33,350092063,10.64090450327273,skipped
3138,CC-MAIN-2024-38,2814337832,72.03998095520217,success
3139,CC-MAIN-2024-38,22219235,0.5687566176451703,notmodified
3141,CC-MAIN-2024-38,282054671,7.21989126398732,redirect
3144,CC-MAIN-2024-38,189896677,4.860878050597934,failed
3146,CC-MAIN-2024-38,162400931,4.157056002062478,denied
3153,CC-MAIN-2024-38,435723448,11.153426052389797,skipped
3188,CC-MAIN-2024-42,2507916084,71.17088800260682,success
3189,CC-MAIN-2024-42,18756995,0.532295318382932,notmodified
3191,CC-MAIN-2024-42,278992592,7.9173903167921855,redirect
3194,CC-MAIN-2024-42,176862092,5.019080272240378,failed
3196,CC-MAIN-2024-42,158092155,4.486417679354759,denied
3203,CC-MAIN-2024-42,383174618,10.8739195849105,skipped
3238,CC-MAIN-2024-46,2700111429,72.21656796219742,success
3239,CC-MAIN-2024-46,20927775,0.5597295242533029,notmodified
3241,CC-MAIN-2024-46,273979362,7.327789884375356,redirect
3244,CC-MAIN-2024-46,182201580,4.873122139912156,failed
3246,CC-MAIN-2024-46,154142294,4.122654839701437,denied
3253,CC-MAIN-2024-46,404713091,10.824364553064704,skipped
3288,CC-MAIN-2024-51,2647896043,70.78056269488955,success
3289,CC-MAIN-2024-51,18846576,0.5037853573135918,notmodified
3291,CC-MAIN-2024-51,291228391,7.784788017717246,redirect
3294,CC-MAIN-2024-51,189542601,5.066638469021246,failed
3296,CC-MAIN-2024-51,173067151,4.626235370593594,denied
3303,CC-MAIN-2024-51,420411101,11.237954137445737,skipped
3340,CC-MAIN-2025-05,3044851336,72.04488114474032,success
3341,CC-MAIN-2025-05,21395704,0.5062483456788529,notmodified
3343,CC-MAIN-2025-05,311072566,7.360354766712784,redirect
3346,CC-MAIN-2025-05,210707666,4.985599320982954,failed
3348,CC-MAIN-2025-05,178815528,4.2309925970040805,denied
3355,CC-MAIN-2025-05,459480946,10.871877306932939,skipped
3392,CC-MAIN-2025-08,2692264061,69.256621306212,success
3393,CC-MAIN-2025-08,19791265,0.509116533229943,notmodified
3395,CC-MAIN-2025-08,304339158,7.828913262850043,redirect
3398,CC-MAIN-2025-08,208057465,5.352133645495131,failed
3400,CC-MAIN-2025-08,188489944,4.848772771118273,denied
3407,CC-MAIN-2025-08,474430362,12.204391238279456,skipped
3444,CC-MAIN-2025-13,2753538967,68.48843139449875,success
3445,CC-MAIN-2025-13,21090585,0.5245834909741971,notmodified
3447,CC-MAIN-2025-13,311678219,7.752333478831446,redirect
3450,CC-MAIN-2025-13,217050008,5.398657785576711,failed
3452,CC-MAIN-2025-13,172546366,4.291724247155377,denied
3459,CC-MAIN-2025-13,544538258,13.544232194159052,skipped
3496,CC-MAIN-2025-18,2760301059,68.19155780167058,success
3497,CC-MAIN-2025-18,20491145,0.5062212667469448,notmodified
3499,CC-MAIN-2025-18,318149386,7.859686962133288,redirect
3502,CC-MAIN-2025-18,218535311,5.3987818622803925,failed
3504,CC-MAIN-2025-18,186682938,4.611888371996849,denied
3511,CC-MAIN-2025-18,543701254,13.431808594970287,skipped
3548,CC-MAIN-2025-21,2487165634,67.69606154413468,success
3549,CC-MAIN-2025-21,19996738,0.5442743289086216,notmodified
3551,CC-MAIN-2025-21,277319809,7.548133747441314,redirect
3554,CC-MAIN-2025-21,203302481,5.533518587468256,failed
3556,CC-MAIN-2025-21,155043058,4.2199860969769425,denied
3563,CC-MAIN-2025-21,531188472,14.45797055108669,skipped
3600,CC-MAIN-2025-26,2395311332,66.67957086888106,success
3601,CC-MAIN-2025-26,18578688,0.5171849381735527,notmodified
3603,CC-MAIN-2025-26,278165436,7.74344096954959,redirect
3606,CC-MAIN-2025-26,201394203,5.6063188330126925,failed
3608,CC-MAIN-2025-26,161517487,4.496249225351252,denied
3615,CC-MAIN-2025-26,537302734,14.957185419350969,skipped
3652,CC-MAIN-2025-30,2432783351,67.20991027738806,success
3653,CC-MAIN-2025-30,17466320,0.4825377482107525,notmodified
3655,CC-MAIN-2025-30,272747272,7.5351221357163745,redirect
3658,CC-MAIN-2025-30,194968117,5.386336454964213,failed
3660,CC-MAIN-2025-30,183386822,5.066382852221079,denied
3667,CC-MAIN-2025-30,518324690,14.319629364092513,skipped
3704,CC-MAIN-2025-33,2452395752,68.51807313599161,success
3705,CC-MAIN-2025-33,17327821,0.48412614709396684,notmodified
3707,CC-MAIN-2025-33,261197066,7.297647476553951,redirect
3710,CC-MAIN-2025-33,189313752,5.289282325092276,failed
3712,CC-MAIN-2025-33,177488432,4.958891873243008,denied
3719,CC-MAIN-2025-33,481469766,13.45189927549539,skipped
3756,CC-MAIN-2025-38,2395594531,68.80739433291309,success
3757,CC-MAIN-2025-38,15961233,0.45844605122389365,notmodified
3759,CC-MAIN-2025-38,271376139,7.794593269889393,redirect
3762,CC-MAIN-2025-38,190995440,5.48586097764315,failed
3764,CC-MAIN-2025-38,189346869,5.438509944980935,denied
3771,CC-MAIN-2025-38,418318256,12.015133957261689,skipped
3808,CC-MAIN-2025-43,2627342431,70.61186826323906,success
3809,CC-MAIN-2025-43,16646387,0.4473845784371208,notmodified
3811,CC-MAIN-2025-43,265851401,7.144962865713921,redirect
3814,CC-MAIN-2025-43,191053976,5.134723980134296,failed
3816,CC-MAIN-2025-43,193022209,5.187621770565999,denied
3823,CC-MAIN-2025-43,426904395,11.473387155424724,skipped
3860,CC-MAIN-2025-47,2304233783,64.26618480627569,success
3861,CC-MAIN-2025-47,16179210,0.4512459228532818,notmodified
3863,CC-MAIN-2025-47,251372166,7.010890211963275,redirect
3866,CC-MAIN-2025-47,180476233,5.033568654660451,failed
3868,CC-MAIN-2025-47,221720540,6.183892148493529,denied
3875,CC-MAIN-2025-47,611469639,17.054181356649558,skipped
3912,CC-MAIN-2025-51,2178742256,63.90290068212538,success
3913,CC-MAIN-2025-51,14592026,0.4279867366876788,notmodified
3915,CC-MAIN-2025-51,244372560,7.167490963243486,redirect
3918,CC-MAIN-2025-51,173687969,5.094299246329517,failed
3920,CC-MAIN-2025-51,197830543,5.802405266802671,denied
3927,CC-MAIN-2025-51,600231758,17.604904991447285,skipped
3964,CC-MAIN-2026-04,2339673995,64.69337258235419,success
3965,CC-MAIN-2026-04,16203549,0.4480377329720385,notmodified
3967,CC-MAIN-2026-04,248296219,6.865537609463754,redirect
3970,CC-MAIN-2026-04,183965086,5.086743655815532,failed
3972,CC-MAIN-2026-04,193977810,5.363601408511236,denied
3979,CC-MAIN-2026-04,634441386,17.54268032806134,skipped
4016,CC-MAIN-2026-08,2176942448,62.49699201589925,success
4017,CC-MAIN-2026-08,14669187,0.42113197051258616,notmodified
4019,CC-MAIN-2026-08,248469073,7.1332017462130395,redirect
4022,CC-MAIN-2026-08,181223015,5.202660884286359,failed
4024,CC-MAIN-2026-08,199548117,5.7287490932037395,denied
4031,CC-MAIN-2026-08,662422128,19.017218614486307,skipped
4068,CC-MAIN-2026-12,1984198830,60.44507583478962,success
4069,CC-MAIN-2026-12,14000166,0.4264900688252312,notmodified
4071,CC-MAIN-2026-12,235155913,7.163605168683721,redirect
4074,CC-MAIN-2026-12,179837298,5.47842229880443,failed
4076,CC-MAIN-2026-12,189800542,5.781934744248475,denied
4083,CC-MAIN-2026-12,679652812,20.704409831079285,skipped
4123,CC-MAIN-2026-17,2202695211,61.436374708241885,success
4124,CC-MAIN-2026-17,14985960,0.41798023136607465,notmodified
4126,CC-MAIN-2026-17,257419762,7.179811749061113,redirect
4129,CC-MAIN-2026-17,191633952,5.344949779297105,failed
4131,CC-MAIN-2026-17,218668661,6.098987153127977,denied
4138,CC-MAIN-2026-17,699921016,19.521815633143156,skipped
4178,CC-MAIN-2026-21,2174965403,61.05842072059467,success
4179,CC-MAIN-2026-21,14453238,0.40574985025584165,notmodified
4181,CC-MAIN-2026-21,255082143,7.160993358387178,redirect
4184,CC-MAIN-2026-21,190848149,5.357734223871118,failed
4186,CC-MAIN-2026-21,339422937,9.528716392904341,denied
4193,CC-MAIN-2026-21,587332287,16.488345898730167,skipped
4233,CC-MAIN-2026-25,2108835821,61.90511852747608,success
4234,CC-MAIN-2026-25,14775493,0.43373629960114995,notmodified
4236,CC-MAIN-2026-25,251344453,7.378245380339942,redirect
4239,CC-MAIN-2026-25,182832933,5.3670818161292475,failed
4241,CC-MAIN-2026-25,203376178,5.970131140310838,denied
4248,CC-MAIN-2026-25,645396439,18.945686836142748,skipped
4288,CC-MAIN-2026-30,2160388845,62.53369224855401,success
4289,CC-MAIN-2026-30,15268067,0.4419429424559463,notmodified
4291,CC-MAIN-2026-30,263726282,7.633708253313708,redirect
4294,CC-MAIN-2026-30,192382944,5.568634480690813,failed
4296,CC-MAIN-2026-30,206503414,5.977359570819178,denied
4303,CC-MAIN-2026-30,616490221,17.844662475220773,skipped
