crawl,http,https
CC-MAIN-2008-2009,1790932667.0,
CC-MAIN-2009-2010,2301135881.0,
CC-MAIN-2012,3597338329.0,
CC-MAIN-2013-20,1666857706.0,
CC-MAIN-2013-48,2085501361.0,
CC-MAIN-2014-10,1944313150.0,87737461.0
CC-MAIN-2014-15,1638013984.0,80632778.0
CC-MAIN-2014-23,2107692678.0,8947575.0
CC-MAIN-2014-35,1877746879.0,
CC-MAIN-2014-41,1980620845.0,
CC-MAIN-2014-42,1602175249.0,
CC-MAIN-2014-49,1321875973.0,
CC-MAIN-2014-52,1905493151.0,
CC-MAIN-2015-06,1679287071.0,
CC-MAIN-2015-11,1569157275.0,116501920.0
CC-MAIN-2015-14,1408516169.0,106353804.0
CC-MAIN-2015-18,1791663278.0,142896069.0
CC-MAIN-2015-22,1695823702.0,140669204.0
CC-MAIN-2015-27,1397586805.0,133456194.0
CC-MAIN-2015-32,1501476858.0,147771968.0
CC-MAIN-2015-35,1518877148.0,154320394.0
CC-MAIN-2015-40,1098752538.0,116360283.0
CC-MAIN-2015-48,1476029627.0,168144111.0
CC-MAIN-2016-07,1380904617.0,179281154.0
CC-MAIN-2016-18,1207674870.0,127372053.0
CC-MAIN-2016-22,1343003811.0,123216987.0
CC-MAIN-2016-26,1194695284.0,42120376.0
CC-MAIN-2016-30,1423899214.0,208557960.0
CC-MAIN-2016-36,1342385024.0,216168031.0
CC-MAIN-2016-40,1447182820.0,243627435.0
CC-MAIN-2016-44,2643698073.0,556956833.0
CC-MAIN-2016-50,2276928983.0,545942145.0
CC-MAIN-2017-04,2492370564.0,623772569.0
CC-MAIN-2017-09,2239221136.0,688748126.0
CC-MAIN-2017-13,2401490239.0,634725938.0
CC-MAIN-2017-17,2268890883.0,638824466.0
CC-MAIN-2017-22,2215600384.0,703333823.0
CC-MAIN-2017-26,2424092671.0,710113553.0
CC-MAIN-2017-30,2117802221.0,727555674.0
CC-MAIN-2017-34,2489368114.0,767452576.0
CC-MAIN-2017-39,2221122774.0,760618360.0
CC-MAIN-2017-43,2618782653.0,993927942.0
CC-MAIN-2017-47,2296381608.0,879995372.0
CC-MAIN-2017-51,2105445705.0,789078051.0
CC-MAIN-2018-05,2490532905.0,942488674.0
CC-MAIN-2018-09,2494966089.0,962807563.0
CC-MAIN-2018-13,2204343336.0,994300844.0
CC-MAIN-2018-17,2168591240.0,907205698.0
CC-MAIN-2018-22,1863688547.0,896821456.0
CC-MAIN-2018-26,2031367028.0,1003889935.0
CC-MAIN-2018-30,2101918844.0,1114509250.0
CC-MAIN-2018-34,1618037415.0,1033835877.0
CC-MAIN-2018-39,1687466929.0,1121763680.0
CC-MAIN-2018-43,1827439741.0,1181810317.0
CC-MAIN-2018-47,1530662048.0,1083113682.0
CC-MAIN-2018-51,1732712473.0,1394223758.0
CC-MAIN-2019-04,1500167163.0,1362228549.0
CC-MAIN-2019-09,1510862542.0,1373960753.0
CC-MAIN-2019-13,1270603292.0,1272485314.0
CC-MAIN-2019-18,1155972257.0,1316117361.0
CC-MAIN-2019-22,1224271714.0,1428360460.0
CC-MAIN-2019-26,1105849654.0,1465432605.0
CC-MAIN-2019-30,1067450367.0,1503457986.0
CC-MAIN-2019-35,1210868818.0,1716968411.0
CC-MAIN-2019-39,991533460.0,1547192743.0
CC-MAIN-2019-43,1178923765.0,1814676633.0
CC-MAIN-2019-47,952352664.0,1615251806.0
CC-MAIN-2019-51,916767021.0,1534640048.0
CC-MAIN-2020-05,1101472615.0,1971872846.0
CC-MAIN-2020-10,979208968.0,1628991412.0
CC-MAIN-2020-16,984263301.0,1877846062.0
CC-MAIN-2020-24,921791297.0,1817426058.0
CC-MAIN-2020-29,982812126.0,2132322912.0
CC-MAIN-2020-34,747705524.0,1681697038.0
CC-MAIN-2020-40,971280964.0,2475268248.0
CC-MAIN-2020-45,737345150.0,1972485449.0
CC-MAIN-2020-50,681690260.0,1941339821.0
CC-MAIN-2021-04,833692453.0,2540576349.0
CC-MAIN-2021-10,642014418.0,2075558155.0
CC-MAIN-2021-17,711938536.0,2404376133.0
CC-MAIN-2021-21,369449742.0,2246840183.0
CC-MAIN-2021-25,364493680.0,2078680914.0
CC-MAIN-2021-31,410944349.0,2737340901.0
CC-MAIN-2021-39,493159056.0,2449213825.0
CC-MAIN-2021-43,561162723.0,2771113740.0
CC-MAIN-2021-49,445063025.0,2065579142.0
CC-MAIN-2022-05,505864286.0,2465220973.0
CC-MAIN-2022-21,512171708.0,2915628391.0
CC-MAIN-2022-27,477286171.0,2614512404.0
CC-MAIN-2022-33,415491612.0,2154622550.0
CC-MAIN-2022-40,474312188.0,2685836252.0
CC-MAIN-2022-49,480059659.0,2880633835.0
CC-MAIN-2023-06,422844000.0,2748619873.0
CC-MAIN-2023-14,420665376.0,2679775145.0
CC-MAIN-2023-23,416917164.0,2705000727.0
CC-MAIN-2023-40,414341156.0,3004660720.0
CC-MAIN-2023-50,440874861.0,2886998421.0
CC-MAIN-2024-10,351077800.0,2730138232.0
CC-MAIN-2024-18,304786802.0,2463800334.0
CC-MAIN-2024-22,285779117.0,2407163636.0
CC-MAIN-2024-26,320710744.0,2459867069.0
CC-MAIN-2024-30,290181525.0,2242237181.0
CC-MAIN-2024-33,263150030.0,2040320600.0
CC-MAIN-2024-38,287484022.0,2499285913.0
CC-MAIN-2024-42,261959136.0,2220098383.0
CC-MAIN-2024-46,275125113.0,2399654227.0
CC-MAIN-2024-51,278035090.0,2343845854.0
CC-MAIN-2025-05,291070953.0,2723964703.0
CC-MAIN-2025-08,267673468.0,2397689009.0
CC-MAIN-2025-13,268197756.0,2457756083.0
CC-MAIN-2025-18,257525592.0,2474256200.0
CC-MAIN-2025-21,222431492.0,2241808441.0
CC-MAIN-2025-26,226392919.0,2146740541.0
CC-MAIN-2025-30,227031371.0,2182839901.0
CC-MAIN-2025-33,218061977.0,2211855855.0
CC-MAIN-2025-38,202389692.0,2170974212.0
CC-MAIN-2025-43,223500410.0,2380032551.0
CC-MAIN-2025-47,217877909.0,2064742204.0
CC-MAIN-2025-51,210017970.0,1947945390.0
CC-MAIN-2026-04,195734295.0,2122369424.0
CC-MAIN-2026-08,187293926.0,1968308639.0
CC-MAIN-2026-12,166762266.0,1797342111.0
CC-MAIN-2026-17,170744325.0,2008689463.0
CC-MAIN-2026-21,161071813.0,1990757625.0
CC-MAIN-2026-25,149547803.0,1936911840.0
CC-MAIN-2026-30,148907670.0,1987028009.0
