crawl,charset,pages,urls,%pages/crawl
CC-MAIN-2013-20,<unknown>,1796098643,1796098643,100.0000
CC-MAIN-2013-48,<unknown>,2245773667,2245773667,100.0000
CC-MAIN-2014-10,<unknown>,2301223474,2301223474,100.0000
CC-MAIN-2014-15,<unknown>,2641371316,2641371316,100.0000
CC-MAIN-2014-23,<unknown>,3608720876,3608720876,100.0000
CC-MAIN-2014-35,<unknown>,2870692423,2870692423,100.0000
CC-MAIN-2014-41,<unknown>,2979743543,2979743543,100.0000
CC-MAIN-2014-42,<unknown>,3722131678,3722131678,100.0000
CC-MAIN-2014-49,<unknown>,1948510433,1948510433,100.0000
CC-MAIN-2014-52,<unknown>,2085977207,2085977207,100.0000
CC-MAIN-2015-06,<unknown>,1826024103,1826024103,100.0000
CC-MAIN-2015-11,<unknown>,1837196089,1837196089,100.0000
CC-MAIN-2015-14,<unknown>,1646697534,1646697534,100.0000
CC-MAIN-2015-18,<unknown>,2115818059,2115818059,100.0000
CC-MAIN-2015-22,<unknown>,2015461448,2015461448,100.0000
CC-MAIN-2015-27,<unknown>,1675619098,1675619098,100.0000
CC-MAIN-2015-32,<unknown>,1815492409,1815492409,100.0000
CC-MAIN-2015-35,<unknown>,1848022475,1848022475,100.0000
CC-MAIN-2015-40,<unknown>,1321987379,1321987379,100.0000
CC-MAIN-2015-48,<unknown>,1824170527,1824170527,100.0000
CC-MAIN-2016-07,<unknown>,1733285122,1733285122,100.0000
CC-MAIN-2016-18,<unknown>,1335046923,1335046923,100.0000
CC-MAIN-2016-22,<unknown>,1466220798,1466220798,100.0000
CC-MAIN-2016-26,<unknown>,1236815660,1236815660,100.0000
CC-MAIN-2016-30,<unknown>,1737322304,1737322304,100.0000
CC-MAIN-2016-36,<unknown>,1611613090,1611613090,100.0000
CC-MAIN-2016-40,<unknown>,1722656393,1722656393,100.0000
CC-MAIN-2016-44,<unknown>,3254976731,3254976731,100.0000
CC-MAIN-2016-50,<unknown>,2866282390,2866282390,100.0000
CC-MAIN-2017-04,<unknown>,3146498026,3146498026,100.0000
CC-MAIN-2017-09,<unknown>,3084366662,3084366662,100.0000
CC-MAIN-2017-13,<unknown>,3070720576,3070720576,100.0000
CC-MAIN-2017-17,<unknown>,2942930482,2942930482,100.0000
CC-MAIN-2017-22,<unknown>,2967293699,2967293699,100.0000
CC-MAIN-2017-26,<unknown>,3165214086,3165214086,100.0000
CC-MAIN-2017-30,<unknown>,2892213652,2892213652,100.0000
CC-MAIN-2017-34,<unknown>,3280080910,3280080910,100.0000
CC-MAIN-2017-39,<unknown>,3017180563,3017180563,100.0000
CC-MAIN-2017-43,<unknown>,3650430218,3650430218,100.0000
CC-MAIN-2017-47,<unknown>,3204943573,3204943573,100.0000
CC-MAIN-2017-51,<unknown>,2914004423,2914004423,100.0000
CC-MAIN-2018-05,<unknown>,3464537205,3464537205,100.0000
CC-MAIN-2018-09,<unknown>,3488463319,3488463319,100.0000
CC-MAIN-2018-13,<unknown>,3232738018,3232738018,100.0000
CC-MAIN-2018-17,<unknown>,3101353989,3101353989,100.0000
CC-MAIN-2018-22,<unknown>,2788388007,2788388007,100.0000
CC-MAIN-2018-26,<unknown>,3069414247,3069414247,100.0000
CC-MAIN-2018-30,<unknown>,3263958200,3263958200,100.0000
CC-MAIN-2018-34,<other>,1517,1508,0.0001
CC-MAIN-2018-34,<unknown>,126685829,126685829,4.7160
CC-MAIN-2018-34,Big5,2474270,2469758,0.0921
CC-MAIN-2018-34,Big5-HKSCS,6275,6268,0.0002
CC-MAIN-2018-34,EUC-JP,11086532,10975050,0.4127
CC-MAIN-2018-34,EUC-KR,3797614,3791178,0.1414
CC-MAIN-2018-34,GB18030,993684,985878,0.0370
CC-MAIN-2018-34,GB2312,22121572,22053200,0.8235
CC-MAIN-2018-34,GBK,11105945,11067218,0.4134
CC-MAIN-2018-34,IBM855,5494,5471,0.0002
CC-MAIN-2018-34,IBM866,13767,13710,0.0005
CC-MAIN-2018-34,ISO-2022-JP,30712,30609,0.0011
CC-MAIN-2018-34,ISO-8859-1,137890410,136570574,5.1331
CC-MAIN-2018-34,ISO-8859-13,10267,10260,0.0004
CC-MAIN-2018-34,ISO-8859-15,8241896,8180044,0.3068
CC-MAIN-2018-34,ISO-8859-2,7697233,7657364,0.2865
CC-MAIN-2018-34,ISO-8859-3,10214,10188,0.0004
CC-MAIN-2018-34,ISO-8859-4,35155,34111,0.0013
CC-MAIN-2018-34,ISO-8859-5,56781,56633,0.0021
CC-MAIN-2018-34,ISO-8859-6,6189,6120,0.0002
CC-MAIN-2018-34,ISO-8859-7,516140,513946,0.0192
CC-MAIN-2018-34,ISO-8859-8,29612,29412,0.0011
CC-MAIN-2018-34,ISO-8859-9,1600600,1591195,0.0596
CC-MAIN-2018-34,KOI8-R,516307,515283,0.0192
CC-MAIN-2018-34,KOI8-U,8171,8159,0.0003
CC-MAIN-2018-34,Shift_JIS,15113141,15006500,0.5626
CC-MAIN-2018-34,TIS-620,462808,461498,0.0172
CC-MAIN-2018-34,US-ASCII,664916,661952,0.0248
CC-MAIN-2018-34,UTF-16,74862,74122,0.0028
CC-MAIN-2018-34,UTF-16BE,757,751,0.0000
CC-MAIN-2018-34,UTF-16LE,35484,35162,0.0013
CC-MAIN-2018-34,UTF-32,2025,2022,0.0001
CC-MAIN-2018-34,UTF-8,2245149161,2214841881,83.5770
CC-MAIN-2018-34,windows-1250,4453222,4423609,0.1658
CC-MAIN-2018-34,windows-1251,54700823,54499743,2.0363
CC-MAIN-2018-34,windows-1252,23888187,23694774,0.8893
CC-MAIN-2018-34,windows-1253,149093,148298,0.0056
CC-MAIN-2018-34,windows-1254,1012798,1008111,0.0377
CC-MAIN-2018-34,windows-1255,494373,492428,0.0184
CC-MAIN-2018-34,windows-1256,4247513,4234585,0.1581
CC-MAIN-2018-34,windows-1257,274234,273851,0.0102
CC-MAIN-2018-34,windows-1258,1473,1468,0.0001
CC-MAIN-2018-34,windows-31j,41773,41406,0.0016
CC-MAIN-2018-34,x-IBM949,252,248,0.0000
CC-MAIN-2018-34,x-MacCyrillic,179572,179216,0.0067
CC-MAIN-2018-34,x-iso-8859-11,972,966,0.0000
CC-MAIN-2018-34,x-windows-874,430806,428450,0.0160
CC-MAIN-2018-34,x-windows-949,1144,1141,0.0000
CC-MAIN-2018-34,x-windows-950,1783,1783,0.0001
CC-MAIN-2018-39,<other>,2495,2489,0.0001
CC-MAIN-2018-39,<unknown>,23862059,23862059,0.8399
CC-MAIN-2018-39,Big5,3451547,3441194,0.1215
CC-MAIN-2018-39,Big5-HKSCS,6592,6590,0.0002
CC-MAIN-2018-39,EUC-JP,11497088,11433031,0.4047
CC-MAIN-2018-39,EUC-KR,4725181,4717238,0.1663
CC-MAIN-2018-39,GB18030,1141514,1137313,0.0402
CC-MAIN-2018-39,GB2312,26072133,25990314,0.9176
CC-MAIN-2018-39,GBK,12556679,12514383,0.4420
CC-MAIN-2018-39,IBM855,8617,8560,0.0003
CC-MAIN-2018-39,IBM866,47335,41032,0.0017
CC-MAIN-2018-39,ISO-2022-JP,37644,37511,0.0013
CC-MAIN-2018-39,ISO-8859-1,164053172,162780277,5.7741
CC-MAIN-2018-39,ISO-8859-13,14805,14798,0.0005
CC-MAIN-2018-39,ISO-8859-15,10390418,10313410,0.3657
CC-MAIN-2018-39,ISO-8859-2,9017868,8977554,0.3174
CC-MAIN-2018-39,ISO-8859-3,13282,13269,0.0005
CC-MAIN-2018-39,ISO-8859-4,36811,36045,0.0013
CC-MAIN-2018-39,ISO-8859-5,58407,58310,0.0021
CC-MAIN-2018-39,ISO-8859-6,9417,9344,0.0003
CC-MAIN-2018-39,ISO-8859-7,605312,603475,0.0213
CC-MAIN-2018-39,ISO-8859-8,30856,30670,0.0011
CC-MAIN-2018-39,ISO-8859-9,1904783,1893599,0.0670
CC-MAIN-2018-39,KOI8-R,630791,629721,0.0222
CC-MAIN-2018-39,KOI8-U,10599,10590,0.0004
CC-MAIN-2018-39,Shift_JIS,17122561,17024399,0.6027
CC-MAIN-2018-39,TIS-620,524196,522599,0.0184
CC-MAIN-2018-39,US-ASCII,759595,756252,0.0267
CC-MAIN-2018-39,UTF-16,84550,84087,0.0030
CC-MAIN-2018-39,UTF-16BE,1564,1558,0.0001
CC-MAIN-2018-39,UTF-16LE,37707,37412,0.0013
CC-MAIN-2018-39,UTF-32,2593,2542,0.0001
CC-MAIN-2018-39,UTF-8,2448086775,2418414906,86.1640
CC-MAIN-2018-39,windows-1250,5128943,5099392,0.1805
CC-MAIN-2018-39,windows-1251,61579907,61378188,2.1674
CC-MAIN-2018-39,windows-1252,28990309,28793137,1.0204
CC-MAIN-2018-39,windows-1253,177019,176329,0.0062
CC-MAIN-2018-39,windows-1254,1190656,1183178,0.0419
CC-MAIN-2018-39,windows-1255,611859,609164,0.0215
CC-MAIN-2018-39,windows-1256,5596430,5564137,0.1970
CC-MAIN-2018-39,windows-1257,330945,329350,0.0116
CC-MAIN-2018-39,windows-1258,1707,1700,0.0001
CC-MAIN-2018-39,windows-31j,60073,59683,0.0021
CC-MAIN-2018-39,x-IBM949,301,298,0.0000
CC-MAIN-2018-39,x-MacCyrillic,232230,231077,0.0082
CC-MAIN-2018-39,x-iso-8859-11,1716,1713,0.0001
CC-MAIN-2018-39,x-windows-874,486694,484494,0.0171
CC-MAIN-2018-39,x-windows-949,898,895,0.0000
CC-MAIN-2018-39,x-windows-950,196,195,0.0000
CC-MAIN-2018-43,<other>,2596,2587,0.0001
CC-MAIN-2018-43,<unknown>,106829314,106829314,3.5121
CC-MAIN-2018-43,Big5,3351549,3338282,0.1102
CC-MAIN-2018-43,Big5-HKSCS,7975,7969,0.0003
CC-MAIN-2018-43,EUC-JP,12025602,11938754,0.3953
CC-MAIN-2018-43,EUC-KR,4665198,4649622,0.1534
CC-MAIN-2018-43,GB18030,1820725,1816034,0.0599
CC-MAIN-2018-43,GB2312,34044482,33957414,1.1192
CC-MAIN-2018-43,GBK,16667691,16605605,0.5480
CC-MAIN-2018-43,IBM855,5896,5874,0.0002
CC-MAIN-2018-43,IBM866,14241,14189,0.0005
CC-MAIN-2018-43,ISO-2022-JP,37525,37350,0.0012
CC-MAIN-2018-43,ISO-8859-1,155559333,154280588,5.1141
CC-MAIN-2018-43,ISO-8859-13,14116,14106,0.0005
CC-MAIN-2018-43,ISO-8859-15,9983041,9885418,0.3282
CC-MAIN-2018-43,ISO-8859-2,8932817,8880316,0.2937
CC-MAIN-2018-43,ISO-8859-3,14719,13056,0.0005
CC-MAIN-2018-43,ISO-8859-4,32996,32626,0.0011
CC-MAIN-2018-43,ISO-8859-5,66051,65863,0.0022
CC-MAIN-2018-43,ISO-8859-6,6148,6001,0.0002
CC-MAIN-2018-43,ISO-8859-7,653768,651391,0.0215
CC-MAIN-2018-43,ISO-8859-8,33295,33011,0.0011
CC-MAIN-2018-43,ISO-8859-9,1910576,1891561,0.0628
CC-MAIN-2018-43,KOI8-R,613107,611294,0.0202
CC-MAIN-2018-43,KOI8-U,10718,10684,0.0004
CC-MAIN-2018-43,Shift_JIS,17004646,16867151,0.5590
CC-MAIN-2018-43,TIS-620,521696,519774,0.0172
CC-MAIN-2018-43,US-ASCII,908489,903803,0.0299
CC-MAIN-2018-43,UTF-16,94184,93528,0.0031
CC-MAIN-2018-43,UTF-16BE,1066,1058,0.0000
CC-MAIN-2018-43,UTF-16LE,55051,54654,0.0018
CC-MAIN-2018-43,UTF-32,3065,2857,0.0001
CC-MAIN-2018-43,UTF-8,2561682128,2531944964,84.2164
CC-MAIN-2018-43,windows-1250,5025383,4988293,0.1652
CC-MAIN-2018-43,windows-1251,63017227,62744099,2.0717
CC-MAIN-2018-43,windows-1252,27484876,27129540,0.9036
CC-MAIN-2018-43,windows-1253,157717,155235,0.0052
CC-MAIN-2018-43,windows-1254,1151708,1143715,0.0379
CC-MAIN-2018-43,windows-1255,513551,511398,0.0169
CC-MAIN-2018-43,windows-1256,5778327,5762054,0.1900
CC-MAIN-2018-43,windows-1257,328551,327105,0.0108
CC-MAIN-2018-43,windows-1258,1895,1880,0.0001
CC-MAIN-2018-43,windows-31j,124992,124269,0.0041
CC-MAIN-2018-43,x-IBM949,263,257,0.0000
CC-MAIN-2018-43,x-MacCyrillic,153785,153249,0.0051
CC-MAIN-2018-43,x-iso-8859-11,1246,1239,0.0000
CC-MAIN-2018-43,x-windows-874,467192,465066,0.0154
CC-MAIN-2018-43,x-windows-949,2915,2903,0.0001
CC-MAIN-2018-43,x-windows-950,1091,1083,0.0000
CC-MAIN-2018-47,<other>,2508,2498,0.0001
CC-MAIN-2018-47,<unknown>,55767519,55767519,2.1072
CC-MAIN-2018-47,Big5,2790341,2778870,0.1054
CC-MAIN-2018-47,Big5-HKSCS,7554,7549,0.0003
CC-MAIN-2018-47,EUC-JP,9774292,9707913,0.3693
CC-MAIN-2018-47,EUC-KR,3977836,3966968,0.1503
CC-MAIN-2018-47,GB18030,1801683,1796763,0.0681
CC-MAIN-2018-47,GB2312,27965419,27879814,1.0567
CC-MAIN-2018-47,GBK,12112024,11991049,0.4577
CC-MAIN-2018-47,IBM855,7254,7237,0.0003
CC-MAIN-2018-47,IBM866,39087,39014,0.0015
CC-MAIN-2018-47,ISO-2022-JP,48184,47996,0.0018
CC-MAIN-2018-47,ISO-8859-1,142054924,140845987,5.3675
CC-MAIN-2018-47,ISO-8859-13,8277,8264,0.0003
CC-MAIN-2018-47,ISO-8859-15,6899189,6835127,0.2607
CC-MAIN-2018-47,ISO-8859-2,8017077,7978512,0.3029
CC-MAIN-2018-47,ISO-8859-3,8018,7806,0.0003
CC-MAIN-2018-47,ISO-8859-4,26626,26357,0.0010
CC-MAIN-2018-47,ISO-8859-5,48637,48474,0.0018
CC-MAIN-2018-47,ISO-8859-6,3883,3788,0.0001
CC-MAIN-2018-47,ISO-8859-7,577015,574581,0.0218
CC-MAIN-2018-47,ISO-8859-8,37380,37042,0.0014
CC-MAIN-2018-47,ISO-8859-9,1668202,1654680,0.0630
CC-MAIN-2018-47,KOI8-R,527750,526308,0.0199
CC-MAIN-2018-47,KOI8-U,5822,5805,0.0002
CC-MAIN-2018-47,Shift_JIS,17775853,17651965,0.6717
CC-MAIN-2018-47,TIS-620,494862,493188,0.0187
CC-MAIN-2018-47,US-ASCII,976406,972169,0.0369
CC-MAIN-2018-47,UTF-16,101666,101006,0.0038
CC-MAIN-2018-47,UTF-16BE,3016,2998,0.0001
CC-MAIN-2018-47,UTF-16LE,124453,123860,0.0047
CC-MAIN-2018-47,UTF-32,1659,1655,0.0001
CC-MAIN-2018-47,UTF-8,2254096587,2223908358,85.1705
CC-MAIN-2018-47,windows-1250,4792766,4762591,0.1811
CC-MAIN-2018-47,windows-1251,56380684,56131078,2.1303
CC-MAIN-2018-47,windows-1252,30279903,30038880,1.1441
CC-MAIN-2018-47,windows-1253,185084,184226,0.0070
CC-MAIN-2018-47,windows-1254,1054047,1044938,0.0398
CC-MAIN-2018-47,windows-1255,548488,545486,0.0207
CC-MAIN-2018-47,windows-1256,4592998,4579351,0.1735
CC-MAIN-2018-47,windows-1257,306603,305627,0.0116
CC-MAIN-2018-47,windows-1258,3247,3225,0.0001
CC-MAIN-2018-47,windows-31j,40270,39887,0.0015
CC-MAIN-2018-47,x-IBM949,209,204,0.0000
CC-MAIN-2018-47,x-MacCyrillic,155965,155501,0.0059
CC-MAIN-2018-47,x-iso-8859-11,1046,1042,0.0000
CC-MAIN-2018-47,x-windows-874,474844,472732,0.0179
CC-MAIN-2018-47,x-windows-949,1207,1204,0.0000
CC-MAIN-2018-47,x-windows-950,180,179,0.0000
CC-MAIN-2018-51,<other>,2838,2759,0.0001
CC-MAIN-2018-51,<unknown>,67918443,67918443,2.1464
CC-MAIN-2018-51,Big5,3198731,3192058,0.1011
CC-MAIN-2018-51,Big5-HKSCS,7420,7413,0.0002
CC-MAIN-2018-51,EUC-JP,11510303,11444574,0.3638
CC-MAIN-2018-51,EUC-KR,5156694,5145873,0.1630
CC-MAIN-2018-51,GB18030,2108204,2100620,0.0666
CC-MAIN-2018-51,GB2312,34060489,33961559,1.0764
CC-MAIN-2018-51,GBK,14267277,14133734,0.4509
CC-MAIN-2018-51,IBM855,8790,8749,0.0003
CC-MAIN-2018-51,IBM866,21650,21558,0.0007
CC-MAIN-2018-51,ISO-2022-JP,54514,54198,0.0017
CC-MAIN-2018-51,ISO-8859-1,165450495,164209215,5.2287
CC-MAIN-2018-51,ISO-8859-13,11879,11863,0.0004
CC-MAIN-2018-51,ISO-8859-15,7416805,7356975,0.2344
CC-MAIN-2018-51,ISO-8859-2,9324792,9288112,0.2947
CC-MAIN-2018-51,ISO-8859-3,8774,8519,0.0003
CC-MAIN-2018-51,ISO-8859-4,38938,38465,0.0012
CC-MAIN-2018-51,ISO-8859-5,70744,70595,0.0022
CC-MAIN-2018-51,ISO-8859-6,5659,5583,0.0002
CC-MAIN-2018-51,ISO-8859-7,685186,682886,0.0217
CC-MAIN-2018-51,ISO-8859-8,38166,37985,0.0012
CC-MAIN-2018-51,ISO-8859-9,1930121,1919080,0.0610
CC-MAIN-2018-51,KOI8-R,537503,535927,0.0170
CC-MAIN-2018-51,KOI8-U,11745,11733,0.0004
CC-MAIN-2018-51,Shift_JIS,19098046,18951922,0.6036
CC-MAIN-2018-51,TIS-620,534131,530719,0.0169
CC-MAIN-2018-51,US-ASCII,1189365,1184488,0.0376
CC-MAIN-2018-51,UTF-16,104806,103897,0.0033
CC-MAIN-2018-51,UTF-16BE,2022,2006,0.0001
CC-MAIN-2018-51,UTF-16LE,89907,89319,0.0028
CC-MAIN-2018-51,UTF-32,3001,2973,0.0001
CC-MAIN-2018-51,UTF-8,2709480994,2675024546,85.6280
CC-MAIN-2018-51,windows-1250,5520909,5484030,0.1745
CC-MAIN-2018-51,windows-1251,63095858,62861645,1.9940
CC-MAIN-2018-51,windows-1252,32645988,32373077,1.0317
CC-MAIN-2018-51,windows-1253,200227,199112,0.0063
CC-MAIN-2018-51,windows-1254,1170301,1162882,0.0370
CC-MAIN-2018-51,windows-1255,571370,568689,0.0181
CC-MAIN-2018-51,windows-1256,5537481,5526621,0.1750
CC-MAIN-2018-51,windows-1257,362375,361109,0.0115
CC-MAIN-2018-51,windows-1258,1989,1948,0.0001
CC-MAIN-2018-51,windows-31j,52007,51652,0.0016
CC-MAIN-2018-51,x-IBM949,446,442,0.0000
CC-MAIN-2018-51,x-MacCyrillic,183894,183394,0.0058
CC-MAIN-2018-51,x-iso-8859-11,1976,1971,0.0001
CC-MAIN-2018-51,x-windows-874,553449,551004,0.0175
CC-MAIN-2018-51,x-windows-949,755,752,0.0000
CC-MAIN-2018-51,x-windows-950,178,178,0.0000
CC-MAIN-2019-04,<other>,964,955,0.0000
CC-MAIN-2019-04,<unknown>,56503746,56503746,1.9553
CC-MAIN-2019-04,Big5,2878045,2871541,0.0996
CC-MAIN-2019-04,Big5-HKSCS,7104,7100,0.0002
CC-MAIN-2019-04,EUC-JP,10508300,10442940,0.3636
CC-MAIN-2019-04,EUC-KR,4795172,4786966,0.1659
CC-MAIN-2019-04,GB18030,1680438,1675010,0.0582
CC-MAIN-2019-04,GB2312,27128941,27048116,0.9388
CC-MAIN-2019-04,GBK,13403477,13249104,0.4638
CC-MAIN-2019-04,IBM855,6424,6409,0.0002
CC-MAIN-2019-04,IBM866,28380,28250,0.0010
CC-MAIN-2019-04,ISO-2022-JP,29239,29129,0.0010
CC-MAIN-2019-04,ISO-8859-1,136386399,135497182,4.7197
CC-MAIN-2019-04,ISO-8859-13,10370,10364,0.0004
CC-MAIN-2019-04,ISO-8859-15,6704567,6663103,0.2320
CC-MAIN-2019-04,ISO-8859-2,8600526,8572722,0.2976
CC-MAIN-2019-04,ISO-8859-3,7482,7454,0.0003
CC-MAIN-2019-04,ISO-8859-4,31424,31155,0.0011
CC-MAIN-2019-04,ISO-8859-5,52251,52151,0.0018
CC-MAIN-2019-04,ISO-8859-6,5390,5333,0.0002
CC-MAIN-2019-04,ISO-8859-7,612931,611640,0.0212
CC-MAIN-2019-04,ISO-8859-8,33345,33179,0.0012
CC-MAIN-2019-04,ISO-8859-9,1762983,1750864,0.0610
CC-MAIN-2019-04,KOI8-R,462591,461567,0.0160
CC-MAIN-2019-04,KOI8-U,6379,6366,0.0002
CC-MAIN-2019-04,Shift_JIS,13894174,13782816,0.4808
CC-MAIN-2019-04,TIS-620,497731,495783,0.0172
CC-MAIN-2019-04,US-ASCII,911526,908432,0.0315
CC-MAIN-2019-04,UTF-16,96192,95614,0.0033
CC-MAIN-2019-04,UTF-16BE,3482,3470,0.0001
CC-MAIN-2019-04,UTF-16LE,78727,78283,0.0027
CC-MAIN-2019-04,UTF-32,1752,1747,0.0001
CC-MAIN-2019-04,UTF-8,2513543714,2488208780,86.9821
CC-MAIN-2019-04,windows-1250,4940236,4902965,0.1710
CC-MAIN-2019-04,windows-1251,52540303,52361966,1.8182
CC-MAIN-2019-04,windows-1252,23687194,23512000,0.8197
CC-MAIN-2019-04,windows-1253,160253,159449,0.0055
CC-MAIN-2019-04,windows-1254,1056744,1048268,0.0366
CC-MAIN-2019-04,windows-1255,577473,573752,0.0200
CC-MAIN-2019-04,windows-1256,5091584,5084020,0.1762
CC-MAIN-2019-04,windows-1257,313376,312112,0.0108
CC-MAIN-2019-04,windows-1258,1549,1541,0.0001
CC-MAIN-2019-04,windows-31j,34902,34751,0.0012
CC-MAIN-2019-04,x-IBM949,364,344,0.0000
CC-MAIN-2019-04,x-MacCyrillic,155159,154951,0.0054
CC-MAIN-2019-04,x-iso-8859-11,1823,1818,0.0001
CC-MAIN-2019-04,x-windows-874,489725,488206,0.0169
CC-MAIN-2019-04,x-windows-949,1530,1527,0.0001
CC-MAIN-2019-04,x-windows-950,261,260,0.0000
CC-MAIN-2019-09,<other>,1937,1931,0.0001
CC-MAIN-2019-09,<unknown>,73070673,73070673,2.5078
CC-MAIN-2019-09,Big5,2309155,2304493,0.0793
CC-MAIN-2019-09,Big5-HKSCS,10904,10902,0.0004
CC-MAIN-2019-09,EUC-JP,10037847,9987065,0.3445
CC-MAIN-2019-09,EUC-KR,5151976,5144548,0.1768
CC-MAIN-2019-09,GB18030,2492998,2487624,0.0856
CC-MAIN-2019-09,GB2312,31674710,31561548,1.0871
CC-MAIN-2019-09,GBK,14497541,14438247,0.4976
CC-MAIN-2019-09,IBM855,8107,8090,0.0003
CC-MAIN-2019-09,IBM866,38197,38113,0.0013
CC-MAIN-2019-09,ISO-2022-JP,52718,52570,0.0018
CC-MAIN-2019-09,ISO-8859-1,138321842,137383366,4.7472
CC-MAIN-2019-09,ISO-8859-13,12181,12173,0.0004
CC-MAIN-2019-09,ISO-8859-15,5747873,5699996,0.1973
CC-MAIN-2019-09,ISO-8859-2,6815550,6787862,0.2339
CC-MAIN-2019-09,ISO-8859-3,7879,7861,0.0003
CC-MAIN-2019-09,ISO-8859-4,36292,36120,0.0012
CC-MAIN-2019-09,ISO-8859-5,39640,39473,0.0014
CC-MAIN-2019-09,ISO-8859-6,7344,7289,0.0003
CC-MAIN-2019-09,ISO-8859-7,478358,476736,0.0164
CC-MAIN-2019-09,ISO-8859-8,40576,40433,0.0014
CC-MAIN-2019-09,ISO-8859-9,1736351,1728776,0.0596
CC-MAIN-2019-09,KOI8-R,444018,442834,0.0152
CC-MAIN-2019-09,KOI8-U,9516,9466,0.0003
CC-MAIN-2019-09,Shift_JIS,16108058,16021754,0.5528
CC-MAIN-2019-09,TIS-620,508480,504974,0.0175
CC-MAIN-2019-09,US-ASCII,1346025,1341118,0.0462
CC-MAIN-2019-09,UTF-16,88134,87577,0.0030
CC-MAIN-2019-09,UTF-16BE,1883,1871,0.0001
CC-MAIN-2019-09,UTF-16LE,72702,71939,0.0025
CC-MAIN-2019-09,UTF-32,2404,2399,0.0001
CC-MAIN-2019-09,UTF-8,2509946310,2483068828,86.1419
CC-MAIN-2019-09,windows-1250,5160717,5124276,0.1771
CC-MAIN-2019-09,windows-1251,53727061,53506185,1.8439
CC-MAIN-2019-09,windows-1252,26780002,26613572,0.9191
CC-MAIN-2019-09,windows-1253,201865,201148,0.0069
CC-MAIN-2019-09,windows-1254,1108301,1103985,0.0380
CC-MAIN-2019-09,windows-1255,589639,587888,0.0202
CC-MAIN-2019-09,windows-1256,3915782,3904965,0.1344
CC-MAIN-2019-09,windows-1257,311587,310223,0.0107
CC-MAIN-2019-09,windows-1258,2417,2406,0.0001
CC-MAIN-2019-09,windows-31j,37304,37078,0.0013
CC-MAIN-2019-09,x-IBM949,332,330,0.0000
CC-MAIN-2019-09,x-MacCyrillic,171504,171205,0.0059
CC-MAIN-2019-09,x-iso-8859-11,1665,1661,0.0001
CC-MAIN-2019-09,x-windows-874,605446,603414,0.0208
CC-MAIN-2019-09,x-windows-949,1066,1065,0.0000
CC-MAIN-2019-09,x-windows-950,555,554,0.0000
CC-MAIN-2019-13,<other>,2000,1991,0.0001
CC-MAIN-2019-13,<unknown>,51039369,51039369,1.9862
CC-MAIN-2019-13,Big5,2275470,2270015,0.0886
CC-MAIN-2019-13,Big5-HKSCS,9866,9855,0.0004
CC-MAIN-2019-13,EUC-JP,8374619,8328170,0.3259
CC-MAIN-2019-13,EUC-KR,4121011,4115401,0.1604
CC-MAIN-2019-13,GB18030,1690480,1681689,0.0658
CC-MAIN-2019-13,GB2312,29370741,29115261,1.1430
CC-MAIN-2019-13,GBK,15298597,15210826,0.5953
CC-MAIN-2019-13,IBM855,7419,7402,0.0003
CC-MAIN-2019-13,IBM866,23682,23623,0.0009
CC-MAIN-2019-13,ISO-2022-JP,57461,57321,0.0022
CC-MAIN-2019-13,ISO-8859-1,121960972,121028763,4.7462
CC-MAIN-2019-13,ISO-8859-13,9299,9285,0.0004
CC-MAIN-2019-13,ISO-8859-15,4314702,4271842,0.1679
CC-MAIN-2019-13,ISO-8859-2,5778135,5751412,0.2249
CC-MAIN-2019-13,ISO-8859-3,7298,7274,0.0003
CC-MAIN-2019-13,ISO-8859-4,25136,24935,0.0010
CC-MAIN-2019-13,ISO-8859-5,42243,42083,0.0016
CC-MAIN-2019-13,ISO-8859-6,6892,6844,0.0003
CC-MAIN-2019-13,ISO-8859-7,396305,395256,0.0154
CC-MAIN-2019-13,ISO-8859-8,28807,28593,0.0011
CC-MAIN-2019-13,ISO-8859-9,1385891,1378977,0.0539
CC-MAIN-2019-13,KOI8-R,418342,410410,0.0163
CC-MAIN-2019-13,KOI8-U,6506,6487,0.0003
CC-MAIN-2019-13,Shift_JIS,14498097,14418204,0.5642
CC-MAIN-2019-13,TIS-620,403444,400940,0.0157
CC-MAIN-2019-13,US-ASCII,1353350,1347901,0.0527
CC-MAIN-2019-13,UTF-16,88761,88351,0.0035
CC-MAIN-2019-13,UTF-16BE,2728,2638,0.0001
CC-MAIN-2019-13,UTF-16LE,74555,74146,0.0029
CC-MAIN-2019-13,UTF-32,1648,1642,0.0001
CC-MAIN-2019-13,UTF-8,2229318573,2204827915,86.7547
CC-MAIN-2019-13,windows-1250,4367320,4342789,0.1700
CC-MAIN-2019-13,windows-1251,42941566,42731991,1.6711
CC-MAIN-2019-13,windows-1252,24382413,24184972,0.9488
CC-MAIN-2019-13,windows-1253,177777,176871,0.0069
CC-MAIN-2019-13,windows-1254,957525,951762,0.0373
CC-MAIN-2019-13,windows-1255,537691,535663,0.0209
CC-MAIN-2019-13,windows-1256,2975271,2965100,0.1158
CC-MAIN-2019-13,windows-1257,224432,223975,0.0087
CC-MAIN-2019-13,windows-1258,1837,1828,0.0001
CC-MAIN-2019-13,windows-31j,34861,34462,0.0014
CC-MAIN-2019-13,x-IBM949,768,762,0.0000
CC-MAIN-2019-13,x-MacCyrillic,138577,137548,0.0054
CC-MAIN-2019-13,x-iso-8859-11,2548,2544,0.0001
CC-MAIN-2019-13,x-windows-874,545751,543828,0.0212
CC-MAIN-2019-13,x-windows-949,943,940,0.0000
CC-MAIN-2019-13,x-windows-950,166,165,0.0000
CC-MAIN-2019-18,<other>,2377,2367,0.0001
CC-MAIN-2019-18,<unknown>,39545403,39545403,1.5832
CC-MAIN-2019-18,Big5,1858154,1852213,0.0744
CC-MAIN-2019-18,Big5-HKSCS,10541,10538,0.0004
CC-MAIN-2019-18,EUC-JP,7416122,7373920,0.2969
CC-MAIN-2019-18,EUC-KR,3389591,3384933,0.1357
CC-MAIN-2019-18,GB18030,1466651,1455015,0.0587
CC-MAIN-2019-18,GB2312,26847400,26636899,1.0748
CC-MAIN-2019-18,GBK,13691300,13527396,0.5481
CC-MAIN-2019-18,IBM855,9820,9807,0.0004
CC-MAIN-2019-18,IBM866,26295,26229,0.0011
CC-MAIN-2019-18,ISO-2022-JP,41715,41640,0.0017
CC-MAIN-2019-18,ISO-8859-1,108347978,107517682,4.3377
CC-MAIN-2019-18,ISO-8859-13,5810,5807,0.0002
CC-MAIN-2019-18,ISO-8859-15,4353462,4311103,0.1743
CC-MAIN-2019-18,ISO-8859-2,5213051,5182143,0.2087
CC-MAIN-2019-18,ISO-8859-3,5387,5139,0.0002
CC-MAIN-2019-18,ISO-8859-4,24641,24395,0.0010
CC-MAIN-2019-18,ISO-8859-5,48155,48055,0.0019
CC-MAIN-2019-18,ISO-8859-6,9068,9025,0.0004
CC-MAIN-2019-18,ISO-8859-7,348268,347295,0.0139
CC-MAIN-2019-18,ISO-8859-8,26392,26285,0.0011
CC-MAIN-2019-18,ISO-8859-9,1220179,1212710,0.0488
CC-MAIN-2019-18,KOI8-R,368388,359362,0.0147
CC-MAIN-2019-18,KOI8-U,7596,7584,0.0003
CC-MAIN-2019-18,Shift_JIS,11705143,11638976,0.4686
CC-MAIN-2019-18,TIS-620,349856,347165,0.0140
CC-MAIN-2019-18,US-ASCII,1426268,1423382,0.0571
CC-MAIN-2019-18,UTF-16,76456,76046,0.0031
CC-MAIN-2019-18,UTF-16BE,1935,1873,0.0001
CC-MAIN-2019-18,UTF-16LE,53329,53022,0.0021
CC-MAIN-2019-18,UTF-32,1387,1385,0.0001
CC-MAIN-2019-18,UTF-8,2201291410,2177523946,88.1286
CC-MAIN-2019-18,windows-1250,3779472,3758417,0.1513
CC-MAIN-2019-18,windows-1251,40381447,40159222,1.6167
CC-MAIN-2019-18,windows-1252,19497979,19337887,0.7806
CC-MAIN-2019-18,windows-1253,159211,158538,0.0064
CC-MAIN-2019-18,windows-1254,810043,805072,0.0324
CC-MAIN-2019-18,windows-1255,470592,468818,0.0188
CC-MAIN-2019-18,windows-1256,2682398,2672153,0.1074
CC-MAIN-2019-18,windows-1257,170918,170245,0.0068
CC-MAIN-2019-18,windows-1258,2595,2582,0.0001
CC-MAIN-2019-18,windows-31j,32261,32171,0.0013
CC-MAIN-2019-18,x-IBM949,252,249,0.0000
CC-MAIN-2019-18,x-MacCyrillic,125089,124466,0.0050
CC-MAIN-2019-18,x-iso-8859-11,1692,1688,0.0001
CC-MAIN-2019-18,x-windows-874,514486,511990,0.0206
CC-MAIN-2019-18,x-windows-949,566,565,0.0000
CC-MAIN-2019-18,x-windows-950,78,78,0.0000
CC-MAIN-2019-22,<other>,1877,1870,0.0001
CC-MAIN-2019-22,<unknown>,46863427,46863427,1.7488
CC-MAIN-2019-22,Big5,2114327,2107121,0.0789
CC-MAIN-2019-22,Big5-HKSCS,9414,9412,0.0004
CC-MAIN-2019-22,EUC-JP,8118566,8075679,0.3030
CC-MAIN-2019-22,EUC-KR,4245169,4237810,0.1584
CC-MAIN-2019-22,GB18030,1916563,1904649,0.0715
CC-MAIN-2019-22,GB2312,37764375,37535054,1.4093
CC-MAIN-2019-22,GBK,17754834,17582866,0.6626
CC-MAIN-2019-22,IBM855,7195,7154,0.0003
CC-MAIN-2019-22,IBM866,20834,20700,0.0008
CC-MAIN-2019-22,ISO-2022-JP,34965,34899,0.0013
CC-MAIN-2019-22,ISO-8859-1,112836792,112004100,4.2107
CC-MAIN-2019-22,ISO-8859-13,7596,7591,0.0003
CC-MAIN-2019-22,ISO-8859-15,4166799,4119990,0.1555
CC-MAIN-2019-22,ISO-8859-2,5730823,5695820,0.2139
CC-MAIN-2019-22,ISO-8859-3,4648,4637,0.0002
CC-MAIN-2019-22,ISO-8859-4,26507,26305,0.0010
CC-MAIN-2019-22,ISO-8859-5,73518,73425,0.0027
CC-MAIN-2019-22,ISO-8859-6,9518,9422,0.0004
CC-MAIN-2019-22,ISO-8859-7,389807,387105,0.0145
CC-MAIN-2019-22,ISO-8859-8,27222,27070,0.0010
CC-MAIN-2019-22,ISO-8859-9,1402019,1393732,0.0523
CC-MAIN-2019-22,KOI8-R,347580,344349,0.0130
CC-MAIN-2019-22,KOI8-U,7848,7833,0.0003
CC-MAIN-2019-22,Shift_JIS,11346769,11275595,0.4234
CC-MAIN-2019-22,TIS-620,412412,409685,0.0154
CC-MAIN-2019-22,US-ASCII,1274724,1272200,0.0476
CC-MAIN-2019-22,UTF-16,72452,71974,0.0027
CC-MAIN-2019-22,UTF-16BE,1931,1871,0.0001
CC-MAIN-2019-22,UTF-16LE,47776,47510,0.0018
CC-MAIN-2019-22,UTF-32,1710,1654,0.0001
CC-MAIN-2019-22,UTF-8,2353847190,2328732692,87.8384
CC-MAIN-2019-22,windows-1250,4126784,4099125,0.1540
CC-MAIN-2019-22,windows-1251,39983416,39800506,1.4921
CC-MAIN-2019-22,windows-1252,19001139,18857340,0.7091
CC-MAIN-2019-22,windows-1253,165998,163797,0.0062
CC-MAIN-2019-22,windows-1254,973150,963652,0.0363
CC-MAIN-2019-22,windows-1255,532456,530369,0.0199
CC-MAIN-2019-22,windows-1256,3143909,3129264,0.1173
CC-MAIN-2019-22,windows-1257,221860,220732,0.0083
CC-MAIN-2019-22,windows-1258,1972,1960,0.0001
CC-MAIN-2019-22,windows-31j,39772,39505,0.0015
CC-MAIN-2019-22,x-IBM949,1097,1091,0.0000
CC-MAIN-2019-22,x-MacCyrillic,126398,125348,0.0047
CC-MAIN-2019-22,x-iso-8859-11,2023,2022,0.0001
CC-MAIN-2019-22,x-windows-874,538205,535932,0.0201
CC-MAIN-2019-22,x-windows-949,849,849,0.0000
CC-MAIN-2019-22,x-windows-950,35,35,0.0000
CC-MAIN-2019-26,<other>,1069,1062,0.0000
CC-MAIN-2019-26,<unknown>,40453891,40453891,1.5594
CC-MAIN-2019-26,Big5,1907242,1902387,0.0735
CC-MAIN-2019-26,Big5-HKSCS,8496,8492,0.0003
CC-MAIN-2019-26,EUC-JP,8057033,8019763,0.3106
CC-MAIN-2019-26,EUC-KR,4083750,4075810,0.1574
CC-MAIN-2019-26,GB18030,3065659,3050805,0.1182
CC-MAIN-2019-26,GB2312,28766705,28485048,1.1089
CC-MAIN-2019-26,GBK,14792756,14495897,0.5702
CC-MAIN-2019-26,IBM855,6719,6622,0.0003
CC-MAIN-2019-26,IBM866,23393,23041,0.0009
CC-MAIN-2019-26,ISO-2022-JP,23340,23280,0.0009
CC-MAIN-2019-26,ISO-8859-1,102272433,101552428,3.9423
CC-MAIN-2019-26,ISO-8859-13,7510,7507,0.0003
CC-MAIN-2019-26,ISO-8859-15,4666521,4621017,0.1799
CC-MAIN-2019-26,ISO-8859-2,5584913,5556819,0.2153
CC-MAIN-2019-26,ISO-8859-3,3968,3954,0.0002
CC-MAIN-2019-26,ISO-8859-4,34092,33646,0.0013
CC-MAIN-2019-26,ISO-8859-5,68089,68011,0.0026
CC-MAIN-2019-26,ISO-8859-6,7863,7820,0.0003
CC-MAIN-2019-26,ISO-8859-7,383549,380449,0.0148
CC-MAIN-2019-26,ISO-8859-8,26514,26416,0.0010
CC-MAIN-2019-26,ISO-8859-9,1298646,1290845,0.0501
CC-MAIN-2019-26,KOI8-R,283874,282448,0.0109
CC-MAIN-2019-26,KOI8-U,6344,6271,0.0002
CC-MAIN-2019-26,Shift_JIS,9330788,9275830,0.3597
CC-MAIN-2019-26,TIS-620,426501,424839,0.0164
CC-MAIN-2019-26,US-ASCII,1110555,1108819,0.0428
CC-MAIN-2019-26,UTF-16,76735,75942,0.0030
CC-MAIN-2019-26,UTF-16BE,1477,1444,0.0001
CC-MAIN-2019-26,UTF-16LE,28998,28827,0.0011
CC-MAIN-2019-26,UTF-32,1810,1760,0.0001
CC-MAIN-2019-26,UTF-8,2306319918,2285269523,88.9008
CC-MAIN-2019-26,windows-1250,3920225,3897007,0.1511
CC-MAIN-2019-26,windows-1251,36374114,36209887,1.4021
CC-MAIN-2019-26,windows-1252,15090729,14990992,0.5817
CC-MAIN-2019-26,windows-1253,145595,144931,0.0056
CC-MAIN-2019-26,windows-1254,914768,903513,0.0353
CC-MAIN-2019-26,windows-1255,628662,625767,0.0242
CC-MAIN-2019-26,windows-1256,3147674,3135791,0.1213
CC-MAIN-2019-26,windows-1257,232978,231485,0.0090
CC-MAIN-2019-26,windows-1258,1391,1375,0.0001
CC-MAIN-2019-26,windows-31j,58970,58111,0.0023
CC-MAIN-2019-26,x-IBM949,483,474,0.0000
CC-MAIN-2019-26,x-MacCyrillic,111476,110995,0.0043
CC-MAIN-2019-26,x-iso-8859-11,1410,1406,0.0001
CC-MAIN-2019-26,x-windows-874,500850,499566,0.0193
CC-MAIN-2019-26,x-windows-949,589,585,0.0000
CC-MAIN-2019-26,x-windows-950,52,52,0.0000
CC-MAIN-2019-30,<other>,960,955,0.0000
CC-MAIN-2019-30,<unknown>,30026440,30026440,1.1572
CC-MAIN-2019-30,Big5,1840594,1834540,0.0709
CC-MAIN-2019-30,Big5-HKSCS,7869,7866,0.0003
CC-MAIN-2019-30,EUC-JP,7317903,7280775,0.2820
CC-MAIN-2019-30,EUC-KR,3787271,3778885,0.1460
CC-MAIN-2019-30,GB18030,2001230,1983853,0.0771
CC-MAIN-2019-30,GB2312,29216429,28935636,1.1260
CC-MAIN-2019-30,GBK,16738888,16419697,0.6451
CC-MAIN-2019-30,IBM855,7465,7420,0.0003
CC-MAIN-2019-30,IBM866,26101,26039,0.0010
CC-MAIN-2019-30,ISO-2022-JP,20167,20137,0.0008
CC-MAIN-2019-30,ISO-8859-1,98723653,98007577,3.8047
CC-MAIN-2019-30,ISO-8859-13,7853,7845,0.0003
CC-MAIN-2019-30,ISO-8859-15,5031316,4980591,0.1939
CC-MAIN-2019-30,ISO-8859-2,5110326,5083583,0.1969
CC-MAIN-2019-30,ISO-8859-3,4386,4368,0.0002
CC-MAIN-2019-30,ISO-8859-4,32048,31718,0.0012
CC-MAIN-2019-30,ISO-8859-5,58457,58270,0.0023
CC-MAIN-2019-30,ISO-8859-6,8011,7966,0.0003
CC-MAIN-2019-30,ISO-8859-7,358069,355628,0.0138
CC-MAIN-2019-30,ISO-8859-8,22781,22709,0.0009
CC-MAIN-2019-30,ISO-8859-9,1216842,1209106,0.0469
CC-MAIN-2019-30,KOI8-R,267930,266646,0.0103
CC-MAIN-2019-30,KOI8-U,6798,6789,0.0003
CC-MAIN-2019-30,Shift_JIS,8575703,8514296,0.3305
CC-MAIN-2019-30,TIS-620,383243,381517,0.0148
CC-MAIN-2019-30,US-ASCII,1051410,1048736,0.0405
CC-MAIN-2019-30,UTF-16,87728,87204,0.0034
CC-MAIN-2019-30,UTF-16BE,2134,2124,0.0001
CC-MAIN-2019-30,UTF-16LE,18042,17861,0.0007
CC-MAIN-2019-30,UTF-32,1897,1705,0.0001
CC-MAIN-2019-30,UTF-8,2326454221,2304488544,89.6584
CC-MAIN-2019-30,windows-1250,3866661,3842799,0.1490
CC-MAIN-2019-30,windows-1251,33124425,32973228,1.2766
CC-MAIN-2019-30,windows-1252,13838772,13737200,0.5333
CC-MAIN-2019-30,windows-1253,140509,140068,0.0054
CC-MAIN-2019-30,windows-1254,885756,876081,0.0341
CC-MAIN-2019-30,windows-1255,641886,638864,0.0247
CC-MAIN-2019-30,windows-1256,2975692,2965036,0.1147
CC-MAIN-2019-30,windows-1257,247624,246395,0.0095
CC-MAIN-2019-30,windows-1258,1224,1210,0.0000
CC-MAIN-2019-30,windows-31j,77300,76864,0.0030
CC-MAIN-2019-30,x-IBM949,813,809,0.0000
CC-MAIN-2019-30,x-MacCyrillic,111290,110635,0.0043
CC-MAIN-2019-30,x-iso-8859-11,1270,1269,0.0000
CC-MAIN-2019-30,x-windows-874,470056,466601,0.0181
CC-MAIN-2019-30,x-windows-949,900,898,0.0000
CC-MAIN-2019-30,x-windows-950,32,32,0.0000
CC-MAIN-2019-35,<other>,1231,1226,0.0000
CC-MAIN-2019-35,<unknown>,32202508,32202508,1.0898
CC-MAIN-2019-35,Big5,1988059,1982152,0.0673
CC-MAIN-2019-35,Big5-HKSCS,8543,8539,0.0003
CC-MAIN-2019-35,EUC-JP,7637465,7591120,0.2585
CC-MAIN-2019-35,EUC-KR,4663964,4650064,0.1578
CC-MAIN-2019-35,GB18030,2380719,2359272,0.0806
CC-MAIN-2019-35,GB2312,42877030,42483833,1.4511
CC-MAIN-2019-35,GBK,36126613,35730816,1.2226
CC-MAIN-2019-35,IBM855,7398,7367,0.0003
CC-MAIN-2019-35,IBM866,27254,27130,0.0009
CC-MAIN-2019-35,ISO-2022-JP,30744,30590,0.0010
CC-MAIN-2019-35,ISO-8859-1,106567851,105801841,3.6066
CC-MAIN-2019-35,ISO-8859-13,16695,16690,0.0006
CC-MAIN-2019-35,ISO-8859-15,4880299,4825997,0.1652
CC-MAIN-2019-35,ISO-8859-2,5885857,5854922,0.1992
CC-MAIN-2019-35,ISO-8859-3,3471,3467,0.0001
CC-MAIN-2019-35,ISO-8859-4,50112,49735,0.0017
CC-MAIN-2019-35,ISO-8859-5,65960,65850,0.0022
CC-MAIN-2019-35,ISO-8859-6,12789,12607,0.0004
CC-MAIN-2019-35,ISO-8859-7,402205,399630,0.0136
CC-MAIN-2019-35,ISO-8859-8,30417,30286,0.0010
CC-MAIN-2019-35,ISO-8859-9,1393901,1385884,0.0472
CC-MAIN-2019-35,KOI8-R,282815,281820,0.0096
CC-MAIN-2019-35,KOI8-U,4755,4747,0.0002
CC-MAIN-2019-35,Shift_JIS,9422487,9354153,0.3189
CC-MAIN-2019-35,TIS-620,436930,435237,0.0148
CC-MAIN-2019-35,US-ASCII,1031285,1028965,0.0349
CC-MAIN-2019-35,UTF-16,99924,98930,0.0034
CC-MAIN-2019-35,UTF-16BE,2116,2108,0.0001
CC-MAIN-2019-35,UTF-16LE,27443,27243,0.0009
CC-MAIN-2019-35,UTF-32,2584,2476,0.0001
CC-MAIN-2019-35,UTF-8,2635346008,2610600587,89.1876
CC-MAIN-2019-35,windows-1250,3951657,3929786,0.1337
CC-MAIN-2019-35,windows-1251,34846898,34684908,1.1793
CC-MAIN-2019-35,windows-1252,15593679,15466247,0.5277
CC-MAIN-2019-35,windows-1253,175283,174762,0.0059
CC-MAIN-2019-35,windows-1254,985216,974651,0.0333
CC-MAIN-2019-35,windows-1255,827097,823489,0.0280
CC-MAIN-2019-35,windows-1256,3432212,3419195,0.1162
CC-MAIN-2019-35,windows-1257,357600,355393,0.0121
CC-MAIN-2019-35,windows-1258,1261,1253,0.0000
CC-MAIN-2019-35,windows-31j,69178,68990,0.0023
CC-MAIN-2019-35,x-IBM949,712,709,0.0000
CC-MAIN-2019-35,x-MacCyrillic,115937,114997,0.0039
CC-MAIN-2019-35,x-iso-8859-11,2491,2486,0.0001
CC-MAIN-2019-35,x-windows-874,558167,554938,0.0189
CC-MAIN-2019-35,x-windows-949,1117,1114,0.0000
CC-MAIN-2019-35,x-windows-950,128,125,0.0000
CC-MAIN-2019-39,<other>,987,979,0.0000
CC-MAIN-2019-39,<unknown>,51214718,51214718,1.9997
CC-MAIN-2019-39,Big5,1662412,1656484,0.0649
CC-MAIN-2019-39,Big5-HKSCS,11241,11239,0.0004
CC-MAIN-2019-39,EUC-JP,6657154,6620897,0.2599
CC-MAIN-2019-39,EUC-KR,3740983,3733788,0.1461
CC-MAIN-2019-39,GB18030,1946824,1912166,0.0760
CC-MAIN-2019-39,GB2312,28523770,28140317,1.1137
CC-MAIN-2019-39,GBK,21765704,21326745,0.8499
CC-MAIN-2019-39,IBM855,5749,5724,0.0002
CC-MAIN-2019-39,IBM866,18855,18744,0.0007
CC-MAIN-2019-39,ISO-2022-JP,16892,16867,0.0007
CC-MAIN-2019-39,ISO-8859-1,92311849,91649146,3.6044
CC-MAIN-2019-39,ISO-8859-13,13920,13916,0.0005
CC-MAIN-2019-39,ISO-8859-15,4433324,4388602,0.1731
CC-MAIN-2019-39,ISO-8859-2,5465900,5436126,0.2134
CC-MAIN-2019-39,ISO-8859-3,5592,5575,0.0002
CC-MAIN-2019-39,ISO-8859-4,49925,49678,0.0019
CC-MAIN-2019-39,ISO-8859-5,60446,60353,0.0024
CC-MAIN-2019-39,ISO-8859-6,12282,12162,0.0005
CC-MAIN-2019-39,ISO-8859-7,344776,342931,0.0135
CC-MAIN-2019-39,ISO-8859-8,28421,28249,0.0011
CC-MAIN-2019-39,ISO-8859-9,1249981,1242659,0.0488
CC-MAIN-2019-39,KOI8-R,231624,231007,0.0090
CC-MAIN-2019-39,KOI8-U,3475,3474,0.0001
CC-MAIN-2019-39,Shift_JIS,7879945,7837418,0.3077
CC-MAIN-2019-39,TIS-620,387297,384876,0.0151
CC-MAIN-2019-39,US-ASCII,1092812,1087857,0.0427
CC-MAIN-2019-39,UTF-16,88200,87817,0.0034
CC-MAIN-2019-39,UTF-16BE,1054,1032,0.0000
CC-MAIN-2019-39,UTF-16LE,17460,17366,0.0007
CC-MAIN-2019-39,UTF-32,1971,1901,0.0001
CC-MAIN-2019-39,UTF-8,2279847342,2259633933,89.0196
CC-MAIN-2019-39,windows-1250,4195074,4169420,0.1638
CC-MAIN-2019-39,windows-1251,28402934,28263939,1.1090
CC-MAIN-2019-39,windows-1252,13338428,13252165,0.5208
CC-MAIN-2019-39,windows-1253,141359,140738,0.0055
CC-MAIN-2019-39,windows-1254,903946,892843,0.0353
CC-MAIN-2019-39,windows-1255,864449,860423,0.0338
CC-MAIN-2019-39,windows-1256,3109658,3095537,0.1214
CC-MAIN-2019-39,windows-1257,382749,380612,0.0149
CC-MAIN-2019-39,windows-1258,743,743,0.0000
CC-MAIN-2019-39,windows-31j,63073,62867,0.0025
CC-MAIN-2019-39,x-IBM949,1294,1288,0.0001
CC-MAIN-2019-39,x-MacCyrillic,111324,110828,0.0043
CC-MAIN-2019-39,x-iso-8859-11,1419,1418,0.0001
CC-MAIN-2019-39,x-windows-874,452276,451640,0.0177
CC-MAIN-2019-39,x-windows-949,1214,1211,0.0000
CC-MAIN-2019-39,x-windows-950,87,87,0.0000
CC-MAIN-2019-43,<other>,1105,1102,0.0000
CC-MAIN-2019-43,<unknown>,37914225,37914225,1.2558
CC-MAIN-2019-43,Big5,2359825,2352480,0.0782
CC-MAIN-2019-43,Big5-HKSCS,19447,19441,0.0006
CC-MAIN-2019-43,EUC-JP,7613133,7573651,0.2522
CC-MAIN-2019-43,EUC-KR,4713043,4703292,0.1561
CC-MAIN-2019-43,GB18030,2564504,2533654,0.0849
CC-MAIN-2019-43,GB2312,50371192,49974212,1.6685
CC-MAIN-2019-43,GBK,33671600,33290777,1.1153
CC-MAIN-2019-43,IBM855,10452,10416,0.0003
CC-MAIN-2019-43,IBM866,17156,17047,0.0006
CC-MAIN-2019-43,ISO-2022-JP,17239,17120,0.0006
CC-MAIN-2019-43,ISO-8859-1,110727645,109904997,3.6676
CC-MAIN-2019-43,ISO-8859-13,11916,11914,0.0004
CC-MAIN-2019-43,ISO-8859-15,3773306,3723106,0.1250
CC-MAIN-2019-43,ISO-8859-2,6567560,6532123,0.2175
CC-MAIN-2019-43,ISO-8859-3,15364,15326,0.0005
CC-MAIN-2019-43,ISO-8859-4,60112,59807,0.0020
CC-MAIN-2019-43,ISO-8859-5,86684,86538,0.0029
CC-MAIN-2019-43,ISO-8859-6,12349,12260,0.0004
CC-MAIN-2019-43,ISO-8859-7,418379,412741,0.0139
CC-MAIN-2019-43,ISO-8859-8,23091,23034,0.0008
CC-MAIN-2019-43,ISO-8859-9,1354451,1346958,0.0449
CC-MAIN-2019-43,KOI8-R,301949,300458,0.0100
CC-MAIN-2019-43,KOI8-U,5249,5243,0.0002
CC-MAIN-2019-43,Shift_JIS,10027447,9958281,0.3321
CC-MAIN-2019-43,TIS-620,612670,596770,0.0203
CC-MAIN-2019-43,US-ASCII,1174526,1172617,0.0389
CC-MAIN-2019-43,UTF-16,114301,113875,0.0038
CC-MAIN-2019-43,UTF-16BE,1198,1151,0.0000
CC-MAIN-2019-43,UTF-16LE,19188,19060,0.0006
CC-MAIN-2019-43,UTF-32,1889,1846,0.0001
CC-MAIN-2019-43,UTF-8,2685611162,2662490705,88.9559
CC-MAIN-2019-43,windows-1250,4387881,4357537,0.1453
CC-MAIN-2019-43,windows-1251,32271777,32103269,1.0689
CC-MAIN-2019-43,windows-1252,15661410,15555070,0.5188
CC-MAIN-2019-43,windows-1253,160598,160267,0.0053
CC-MAIN-2019-43,windows-1254,896358,888585,0.0297
CC-MAIN-2019-43,windows-1255,873843,867247,0.0289
CC-MAIN-2019-43,windows-1256,3348831,3332815,0.1109
CC-MAIN-2019-43,windows-1257,386227,383426,0.0128
CC-MAIN-2019-43,windows-1258,1067,1066,0.0000
CC-MAIN-2019-43,windows-31j,93841,93453,0.0031
CC-MAIN-2019-43,x-IBM949,760,753,0.0000
CC-MAIN-2019-43,x-MacCyrillic,116017,115088,0.0038
CC-MAIN-2019-43,x-iso-8859-11,1825,1824,0.0001
CC-MAIN-2019-43,x-windows-874,641397,640623,0.0212
CC-MAIN-2019-43,x-windows-949,1252,1249,0.0000
CC-MAIN-2019-43,x-windows-950,88,88,0.0000
CC-MAIN-2019-47,<other>,887,886,0.0000
CC-MAIN-2019-47,<unknown>,36236307,36236307,1.3988
CC-MAIN-2019-47,Big5,1698075,1693658,0.0655
CC-MAIN-2019-47,Big5-HKSCS,17285,17284,0.0007
CC-MAIN-2019-47,EUC-JP,6116548,6087748,0.2361
CC-MAIN-2019-47,EUC-KR,3587831,3578481,0.1385
CC-MAIN-2019-47,GB18030,2479348,2467026,0.0957
CC-MAIN-2019-47,GB2312,35257790,35024243,1.3610
CC-MAIN-2019-47,GBK,16265453,16097461,0.6279
CC-MAIN-2019-47,IBM855,6867,6845,0.0003
CC-MAIN-2019-47,IBM866,13562,13473,0.0005
CC-MAIN-2019-47,ISO-2022-JP,13354,13330,0.0005
CC-MAIN-2019-47,ISO-8859-1,89199718,88478327,3.4432
CC-MAIN-2019-47,ISO-8859-13,7974,7968,0.0003
CC-MAIN-2019-47,ISO-8859-15,3135090,3090247,0.1210
CC-MAIN-2019-47,ISO-8859-2,5168253,5140795,0.1995
CC-MAIN-2019-47,ISO-8859-3,6912,6884,0.0003
CC-MAIN-2019-47,ISO-8859-4,40539,40221,0.0016
CC-MAIN-2019-47,ISO-8859-5,55422,55087,0.0021
CC-MAIN-2019-47,ISO-8859-6,13701,13638,0.0005
CC-MAIN-2019-47,ISO-8859-7,393536,389182,0.0152
CC-MAIN-2019-47,ISO-8859-8,22106,21980,0.0009
CC-MAIN-2019-47,ISO-8859-9,1088631,1080635,0.0420
CC-MAIN-2019-47,KOI8-R,246032,245265,0.0095
CC-MAIN-2019-47,KOI8-U,4016,3992,0.0002
CC-MAIN-2019-47,Shift_JIS,8158759,8118535,0.3149
CC-MAIN-2019-47,TIS-620,431058,428432,0.0166
CC-MAIN-2019-47,US-ASCII,774010,772851,0.0299
CC-MAIN-2019-47,UTF-16,95263,94783,0.0037
CC-MAIN-2019-47,UTF-16BE,4548,4527,0.0002
CC-MAIN-2019-47,UTF-16LE,20624,20489,0.0008
CC-MAIN-2019-47,UTF-32,1474,1450,0.0001
CC-MAIN-2019-47,UTF-8,2333007909,2311721182,90.0568
CC-MAIN-2019-47,windows-1250,3652709,3616634,0.1410
CC-MAIN-2019-47,windows-1251,25629236,25490060,0.9893
CC-MAIN-2019-47,windows-1252,12419323,12330078,0.4794
CC-MAIN-2019-47,windows-1253,153378,152982,0.0059
CC-MAIN-2019-47,windows-1254,774292,763478,0.0299
CC-MAIN-2019-47,windows-1255,799661,796535,0.0309
CC-MAIN-2019-47,windows-1256,2622282,2605580,0.1012
CC-MAIN-2019-47,windows-1257,348839,345315,0.0135
CC-MAIN-2019-47,windows-1258,520,518,0.0000
CC-MAIN-2019-47,windows-31j,59474,59244,0.0023
CC-MAIN-2019-47,x-IBM949,1484,1475,0.0001
CC-MAIN-2019-47,x-MacCyrillic,96028,95642,0.0037
CC-MAIN-2019-47,x-iso-8859-11,1066,1065,0.0000
CC-MAIN-2019-47,x-windows-874,466714,466280,0.0180
CC-MAIN-2019-47,x-windows-949,1200,1197,0.0000
CC-MAIN-2019-47,x-windows-950,85,85,0.0000
CC-MAIN-2019-51,<other>,956,955,0.0000
CC-MAIN-2019-51,<unknown>,27153781,27153781,1.0985
CC-MAIN-2019-51,Big5,1919171,1915182,0.0776
CC-MAIN-2019-51,Big5-HKSCS,23218,23217,0.0009
CC-MAIN-2019-51,EUC-JP,6232852,6200973,0.2521
CC-MAIN-2019-51,EUC-KR,3822915,3812645,0.1547
CC-MAIN-2019-51,GB18030,2435624,2427734,0.0985
CC-MAIN-2019-51,GB2312,35439680,35218130,1.4337
CC-MAIN-2019-51,GBK,15437184,15288384,0.6245
CC-MAIN-2019-51,IBM855,9924,9901,0.0004
CC-MAIN-2019-51,IBM866,15786,15688,0.0006
CC-MAIN-2019-51,ISO-2022-JP,15540,15499,0.0006
CC-MAIN-2019-51,ISO-8859-1,87922506,87257787,3.5569
CC-MAIN-2019-51,ISO-8859-13,7716,7713,0.0003
CC-MAIN-2019-51,ISO-8859-15,2988745,2946613,0.1209
CC-MAIN-2019-51,ISO-8859-2,5031907,5009135,0.2036
CC-MAIN-2019-51,ISO-8859-3,6615,6601,0.0003
CC-MAIN-2019-51,ISO-8859-4,35356,35182,0.0014
CC-MAIN-2019-51,ISO-8859-5,54988,54801,0.0022
CC-MAIN-2019-51,ISO-8859-6,11740,11668,0.0005
CC-MAIN-2019-51,ISO-8859-7,363660,358421,0.0147
CC-MAIN-2019-51,ISO-8859-8,17852,17693,0.0007
CC-MAIN-2019-51,ISO-8859-9,1036658,1030699,0.0419
CC-MAIN-2019-51,KOI8-R,249920,249055,0.0101
CC-MAIN-2019-51,KOI8-U,3344,3330,0.0001
CC-MAIN-2019-51,Shift_JIS,8370222,8321571,0.3386
CC-MAIN-2019-51,TIS-620,436104,432589,0.0176
CC-MAIN-2019-51,US-ASCII,726463,725458,0.0294
CC-MAIN-2019-51,UTF-16,79822,79539,0.0032
CC-MAIN-2019-51,UTF-16BE,6522,6517,0.0003
CC-MAIN-2019-51,UTF-16LE,20666,20564,0.0008
CC-MAIN-2019-51,UTF-32,2023,1985,0.0001
CC-MAIN-2019-51,UTF-8,2225372765,2206434139,90.0266
CC-MAIN-2019-51,windows-1250,3454030,3423985,0.1397
CC-MAIN-2019-51,windows-1251,25692678,25560335,1.0394
CC-MAIN-2019-51,windows-1252,12352793,12280023,0.4997
CC-MAIN-2019-51,windows-1253,159263,158874,0.0064
CC-MAIN-2019-51,windows-1254,741650,730565,0.0300
CC-MAIN-2019-51,windows-1255,686277,683814,0.0278
CC-MAIN-2019-51,windows-1256,2697203,2681009,0.1091
CC-MAIN-2019-51,windows-1257,274912,272690,0.0111
CC-MAIN-2019-51,windows-1258,739,738,0.0000
CC-MAIN-2019-51,windows-31j,59882,59657,0.0024
CC-MAIN-2019-51,x-IBM949,740,736,0.0000
CC-MAIN-2019-51,x-MacCyrillic,110798,109656,0.0045
CC-MAIN-2019-51,x-iso-8859-11,1752,1752,0.0001
CC-MAIN-2019-51,x-windows-874,418453,418103,0.0169
CC-MAIN-2019-51,x-windows-949,1470,1465,0.0001
CC-MAIN-2019-51,x-windows-950,100,100,0.0000
CC-MAIN-2020-05,<other>,832,832,0.0000
CC-MAIN-2020-05,<unknown>,28931553,28931553,0.9329
CC-MAIN-2020-05,Big5,1970663,1966464,0.0635
CC-MAIN-2020-05,Big5-HKSCS,23041,22700,0.0007
CC-MAIN-2020-05,EUC-JP,7893108,7851476,0.2545
CC-MAIN-2020-05,EUC-KR,4504500,4490367,0.1453
CC-MAIN-2020-05,GB18030,3063488,3055018,0.0988
CC-MAIN-2020-05,GB2312,34551093,34333869,1.1142
CC-MAIN-2020-05,GBK,15129860,14984358,0.4879
CC-MAIN-2020-05,IBM855,8840,8806,0.0003
CC-MAIN-2020-05,IBM866,15935,15887,0.0005
CC-MAIN-2020-05,ISO-2022-JP,23204,23158,0.0007
CC-MAIN-2020-05,ISO-8859-1,103949213,103062291,3.3520
CC-MAIN-2020-05,ISO-8859-13,8165,8162,0.0003
CC-MAIN-2020-05,ISO-8859-15,3548052,3499623,0.1144
CC-MAIN-2020-05,ISO-8859-2,5794535,5765862,0.1869
CC-MAIN-2020-05,ISO-8859-3,8076,8057,0.0003
CC-MAIN-2020-05,ISO-8859-4,42836,42614,0.0014
CC-MAIN-2020-05,ISO-8859-5,58429,58255,0.0019
CC-MAIN-2020-05,ISO-8859-6,20187,20091,0.0007
CC-MAIN-2020-05,ISO-8859-7,424289,416474,0.0137
CC-MAIN-2020-05,ISO-8859-8,23827,23537,0.0008
CC-MAIN-2020-05,ISO-8859-9,1190057,1183715,0.0384
CC-MAIN-2020-05,KOI8-R,305377,303643,0.0098
CC-MAIN-2020-05,KOI8-U,5243,5235,0.0002
CC-MAIN-2020-05,Shift_JIS,11145787,11094716,0.3594
CC-MAIN-2020-05,TIS-620,478490,474971,0.0154
CC-MAIN-2020-05,US-ASCII,917488,915158,0.0296
CC-MAIN-2020-05,UTF-16,92256,91955,0.0030
CC-MAIN-2020-05,UTF-16BE,4458,4454,0.0001
CC-MAIN-2020-05,UTF-16LE,29580,29427,0.0010
CC-MAIN-2020-05,UTF-32,2668,2614,0.0001
CC-MAIN-2020-05,UTF-8,2820276978,2794406933,90.9445
CC-MAIN-2020-05,windows-1250,4164581,4129447,0.1343
CC-MAIN-2020-05,windows-1251,31259368,31093576,1.0080
CC-MAIN-2020-05,windows-1252,15713096,15604299,0.5067
CC-MAIN-2020-05,windows-1253,193046,191984,0.0062
CC-MAIN-2020-05,windows-1254,838443,828507,0.0270
CC-MAIN-2020-05,windows-1255,740287,737239,0.0239
CC-MAIN-2020-05,windows-1256,2753473,2736835,0.0888
CC-MAIN-2020-05,windows-1257,291902,289876,0.0094
CC-MAIN-2020-05,windows-1258,909,908,0.0000
CC-MAIN-2020-05,windows-31j,57207,57045,0.0018
CC-MAIN-2020-05,x-IBM949,1034,1032,0.0000
CC-MAIN-2020-05,x-MacCyrillic,117786,117379,0.0038
CC-MAIN-2020-05,x-iso-8859-11,1609,1608,0.0001
CC-MAIN-2020-05,x-windows-874,519799,518615,0.0168
CC-MAIN-2020-05,x-windows-949,1656,1650,0.0001
CC-MAIN-2020-05,x-windows-950,869,869,0.0000
CC-MAIN-2020-10,<other>,1312,1309,0.0000
CC-MAIN-2020-10,<unknown>,32286792,32286792,1.2277
CC-MAIN-2020-10,Big5,2419707,2413997,0.0920
CC-MAIN-2020-10,Big5-HKSCS,9541,9456,0.0004
CC-MAIN-2020-10,EUC-JP,6933734,6904423,0.2636
CC-MAIN-2020-10,EUC-KR,4454057,4443238,0.1694
CC-MAIN-2020-10,GB18030,3147669,3142964,0.1197
CC-MAIN-2020-10,GB2312,41194583,40982657,1.5664
CC-MAIN-2020-10,GBK,18089994,18037151,0.6878
CC-MAIN-2020-10,IBM855,11656,11634,0.0004
CC-MAIN-2020-10,IBM866,16226,16201,0.0006
CC-MAIN-2020-10,ISO-2022-JP,33267,33070,0.0013
CC-MAIN-2020-10,ISO-8859-1,105474985,104735857,4.0105
CC-MAIN-2020-10,ISO-8859-13,8255,8252,0.0003
CC-MAIN-2020-10,ISO-8859-15,3273073,3234247,0.1245
CC-MAIN-2020-10,ISO-8859-2,5836188,5805283,0.2219
CC-MAIN-2020-10,ISO-8859-3,8713,8699,0.0003
CC-MAIN-2020-10,ISO-8859-4,40161,39605,0.0015
CC-MAIN-2020-10,ISO-8859-5,58754,58576,0.0022
CC-MAIN-2020-10,ISO-8859-6,18937,18866,0.0007
CC-MAIN-2020-10,ISO-8859-7,367955,364146,0.0140
CC-MAIN-2020-10,ISO-8859-8,22215,21843,0.0008
CC-MAIN-2020-10,ISO-8859-9,1254073,1247981,0.0477
CC-MAIN-2020-10,KOI8-R,298413,296860,0.0113
CC-MAIN-2020-10,KOI8-U,3643,3637,0.0001
CC-MAIN-2020-10,Shift_JIS,11266553,11214020,0.4284
CC-MAIN-2020-10,TIS-620,456575,454082,0.0174
CC-MAIN-2020-10,US-ASCII,1242784,1241010,0.0473
CC-MAIN-2020-10,UTF-16,96072,95751,0.0037
CC-MAIN-2020-10,UTF-16BE,6363,6355,0.0002
CC-MAIN-2020-10,UTF-16LE,45441,45266,0.0017
CC-MAIN-2020-10,UTF-32,3136,3055,0.0001
CC-MAIN-2020-10,UTF-8,2334619990,2314440913,88.7701
CC-MAIN-2020-10,windows-1250,3985793,3949020,0.1516
CC-MAIN-2020-10,windows-1251,30588669,30448539,1.1631
CC-MAIN-2020-10,windows-1252,16855760,16767735,0.6409
CC-MAIN-2020-10,windows-1253,175159,174530,0.0067
CC-MAIN-2020-10,windows-1254,855727,846762,0.0325
CC-MAIN-2020-10,windows-1255,753360,749881,0.0286
CC-MAIN-2020-10,windows-1256,2801075,2779176,0.1065
CC-MAIN-2020-10,windows-1257,287933,286703,0.0109
CC-MAIN-2020-10,windows-1258,1809,1809,0.0001
CC-MAIN-2020-10,windows-31j,42246,42150,0.0016
CC-MAIN-2020-10,x-IBM949,1027,1013,0.0000
CC-MAIN-2020-10,x-MacCyrillic,124812,124536,0.0047
CC-MAIN-2020-10,x-iso-8859-11,1016,1015,0.0000
CC-MAIN-2020-10,x-windows-874,485743,484348,0.0185
CC-MAIN-2020-10,x-windows-949,2363,2358,0.0001
CC-MAIN-2020-10,x-windows-950,153,153,0.0000
CC-MAIN-2020-16,<other>,759,759,0.0000
CC-MAIN-2020-16,<unknown>,45105718,45105718,1.5628
CC-MAIN-2020-16,Big5,2122512,2116270,0.0735
CC-MAIN-2020-16,Big5-HKSCS,8755,8686,0.0003
CC-MAIN-2020-16,EUC-JP,7302850,7268227,0.2530
CC-MAIN-2020-16,EUC-KR,4042334,4029157,0.1401
CC-MAIN-2020-16,GB18030,3448391,3440156,0.1195
CC-MAIN-2020-16,GB2312,36453295,36248063,1.2630
CC-MAIN-2020-16,GBK,15730109,15682885,0.5450
CC-MAIN-2020-16,IBM855,10528,10508,0.0004
CC-MAIN-2020-16,IBM866,17779,17714,0.0006
CC-MAIN-2020-16,ISO-2022-JP,20679,20288,0.0007
CC-MAIN-2020-16,ISO-8859-1,93970128,93283249,3.2558
CC-MAIN-2020-16,ISO-8859-13,10081,10080,0.0003
CC-MAIN-2020-16,ISO-8859-15,3406846,3364307,0.1180
CC-MAIN-2020-16,ISO-8859-2,5596638,5556891,0.1939
CC-MAIN-2020-16,ISO-8859-3,8146,8130,0.0003
CC-MAIN-2020-16,ISO-8859-4,53860,53507,0.0019
CC-MAIN-2020-16,ISO-8859-5,51269,51160,0.0018
CC-MAIN-2020-16,ISO-8859-6,12806,12760,0.0004
CC-MAIN-2020-16,ISO-8859-7,328507,325517,0.0114
CC-MAIN-2020-16,ISO-8859-8,24993,24845,0.0009
CC-MAIN-2020-16,ISO-8859-9,1228622,1220821,0.0426
CC-MAIN-2020-16,KOI8-R,274999,274000,0.0095
CC-MAIN-2020-16,KOI8-U,6264,6232,0.0002
CC-MAIN-2020-16,Shift_JIS,9504310,9458289,0.3293
CC-MAIN-2020-16,TIS-620,398750,396607,0.0138
CC-MAIN-2020-16,US-ASCII,1055179,1053228,0.0366
CC-MAIN-2020-16,UTF-16,103223,102858,0.0036
CC-MAIN-2020-16,UTF-16BE,3336,3326,0.0001
CC-MAIN-2020-16,UTF-16LE,25977,25833,0.0009
CC-MAIN-2020-16,UTF-32,5500,5315,0.0002
CC-MAIN-2020-16,UTF-8,2601391266,2578817812,90.1309
CC-MAIN-2020-16,windows-1250,3764978,3731356,0.1304
CC-MAIN-2020-16,windows-1251,31548380,31376748,1.0931
CC-MAIN-2020-16,windows-1252,14022218,13938692,0.4858
CC-MAIN-2020-16,windows-1253,160888,160070,0.0056
CC-MAIN-2020-16,windows-1254,825008,815186,0.0286
CC-MAIN-2020-16,windows-1255,848938,845613,0.0294
CC-MAIN-2020-16,windows-1256,2408664,2394725,0.0835
CC-MAIN-2020-16,windows-1257,333784,332518,0.0116
CC-MAIN-2020-16,windows-1258,1369,1366,0.0000
CC-MAIN-2020-16,windows-31j,36671,36515,0.0013
CC-MAIN-2020-16,x-IBM949,1075,1061,0.0000
CC-MAIN-2020-16,x-MacCyrillic,103138,102743,0.0036
CC-MAIN-2020-16,x-iso-8859-11,1170,1169,0.0000
CC-MAIN-2020-16,x-windows-874,453394,452857,0.0157
CC-MAIN-2020-16,x-windows-949,2055,2050,0.0001
CC-MAIN-2020-16,x-windows-950,98,98,0.0000
CC-MAIN-2020-24,<other>,728,724,0.0000
CC-MAIN-2020-24,<unknown>,31381479,31381479,1.1357
CC-MAIN-2020-24,Big5,2718136,2711526,0.0984
CC-MAIN-2020-24,Big5-HKSCS,3751,3749,0.0001
CC-MAIN-2020-24,EUC-JP,7184618,7154089,0.2600
CC-MAIN-2020-24,EUC-KR,4850767,4838788,0.1755
CC-MAIN-2020-24,GB18030,2302572,2296557,0.0833
CC-MAIN-2020-24,GB2312,34674630,34518554,1.2549
CC-MAIN-2020-24,GBK,15926785,15861824,0.5764
CC-MAIN-2020-24,IBM855,14842,14803,0.0005
CC-MAIN-2020-24,IBM866,19524,19450,0.0007
CC-MAIN-2020-24,ISO-2022-JP,15901,15885,0.0006
CC-MAIN-2020-24,ISO-8859-1,96353602,95646442,3.4870
CC-MAIN-2020-24,ISO-8859-13,9044,9042,0.0003
CC-MAIN-2020-24,ISO-8859-15,3315230,3278613,0.1200
CC-MAIN-2020-24,ISO-8859-2,5899923,5867869,0.2135
CC-MAIN-2020-24,ISO-8859-3,10732,10709,0.0004
CC-MAIN-2020-24,ISO-8859-4,57279,56005,0.0021
CC-MAIN-2020-24,ISO-8859-5,52745,52547,0.0019
CC-MAIN-2020-24,ISO-8859-6,24029,23871,0.0009
CC-MAIN-2020-24,ISO-8859-7,390180,386158,0.0141
CC-MAIN-2020-24,ISO-8859-8,20193,19823,0.0007
CC-MAIN-2020-24,ISO-8859-9,1390217,1381965,0.0503
CC-MAIN-2020-24,KOI8-R,295596,294625,0.0107
CC-MAIN-2020-24,KOI8-U,4967,4963,0.0002
CC-MAIN-2020-24,Shift_JIS,8782819,8738110,0.3178
CC-MAIN-2020-24,TIS-620,481502,479760,0.0174
CC-MAIN-2020-24,US-ASCII,883310,881914,0.0320
CC-MAIN-2020-24,UTF-16,130716,130338,0.0047
CC-MAIN-2020-24,UTF-16BE,5870,5866,0.0002
CC-MAIN-2020-24,UTF-16LE,20333,20223,0.0007
CC-MAIN-2020-24,UTF-32,3918,3800,0.0001
CC-MAIN-2020-24,UTF-8,2490545822,2468096354,90.1324
CC-MAIN-2020-24,windows-1250,3768055,3742210,0.1364
CC-MAIN-2020-24,windows-1251,30998405,30831598,1.1218
CC-MAIN-2020-24,windows-1252,14385182,14272775,0.5206
CC-MAIN-2020-24,windows-1253,161891,161210,0.0059
CC-MAIN-2020-24,windows-1254,956528,943847,0.0346
CC-MAIN-2020-24,windows-1255,904858,900882,0.0327
CC-MAIN-2020-24,windows-1256,3186385,3172628,0.1153
CC-MAIN-2020-24,windows-1257,392405,387376,0.0142
CC-MAIN-2020-24,windows-1258,1527,1524,0.0001
CC-MAIN-2020-24,windows-31j,36703,36566,0.0013
CC-MAIN-2020-24,x-IBM949,1199,1182,0.0000
CC-MAIN-2020-24,x-MacCyrillic,113789,113417,0.0041
CC-MAIN-2020-24,x-iso-8859-11,975,975,0.0000
CC-MAIN-2020-24,x-windows-874,524805,523258,0.0190
CC-MAIN-2020-24,x-windows-949,1282,1277,0.0000
CC-MAIN-2020-24,x-windows-950,1013,1013,0.0000
CC-MAIN-2020-29,<other>,726,724,0.0000
CC-MAIN-2020-29,<unknown>,31549599,31549599,1.0033
CC-MAIN-2020-29,Big5,2756068,2747602,0.0876
CC-MAIN-2020-29,Big5-HKSCS,3305,3300,0.0001
CC-MAIN-2020-29,EUC-JP,7927401,7887190,0.2521
CC-MAIN-2020-29,EUC-KR,4779609,4768370,0.1520
CC-MAIN-2020-29,GB18030,2099801,2094980,0.0668
CC-MAIN-2020-29,GB2312,30988828,30882168,0.9854
CC-MAIN-2020-29,GBK,14565912,14506836,0.4632
CC-MAIN-2020-29,IBM855,13224,13153,0.0004
CC-MAIN-2020-29,IBM866,22616,22504,0.0007
CC-MAIN-2020-29,ISO-2022-JP,21958,21926,0.0007
CC-MAIN-2020-29,ISO-8859-1,102192979,101396689,3.2497
CC-MAIN-2020-29,ISO-8859-13,7714,7711,0.0002
CC-MAIN-2020-29,ISO-8859-15,3553302,3515461,0.1130
CC-MAIN-2020-29,ISO-8859-2,5908380,5874172,0.1879
CC-MAIN-2020-29,ISO-8859-3,9594,9562,0.0003
CC-MAIN-2020-29,ISO-8859-4,49865,49649,0.0016
CC-MAIN-2020-29,ISO-8859-5,63924,63768,0.0020
CC-MAIN-2020-29,ISO-8859-6,10811,10764,0.0003
CC-MAIN-2020-29,ISO-8859-7,414126,410271,0.0132
CC-MAIN-2020-29,ISO-8859-8,24023,23806,0.0008
CC-MAIN-2020-29,ISO-8859-9,1300992,1292534,0.0414
CC-MAIN-2020-29,KOI8-R,310410,309351,0.0099
CC-MAIN-2020-29,KOI8-U,5221,5210,0.0002
CC-MAIN-2020-29,Shift_JIS,10181692,10136441,0.3238
CC-MAIN-2020-29,TIS-620,463678,461262,0.0147
CC-MAIN-2020-29,US-ASCII,769200,767676,0.0245
CC-MAIN-2020-29,UTF-16,142579,142091,0.0045
CC-MAIN-2020-29,UTF-16BE,5675,5672,0.0002
CC-MAIN-2020-29,UTF-16LE,28110,27851,0.0009
CC-MAIN-2020-29,UTF-32,5542,5468,0.0002
CC-MAIN-2020-29,UTF-8,2866203511,2838254531,91.1430
CC-MAIN-2020-29,windows-1250,4004210,3970088,0.1273
CC-MAIN-2020-29,windows-1251,34388531,34169013,1.0935
CC-MAIN-2020-29,windows-1252,14174964,14068161,0.4508
CC-MAIN-2020-29,windows-1253,188040,186763,0.0060
CC-MAIN-2020-29,windows-1254,862784,855739,0.0274
CC-MAIN-2020-29,windows-1255,811296,802825,0.0258
CC-MAIN-2020-29,windows-1256,2859652,2848306,0.0909
CC-MAIN-2020-29,windows-1257,329040,325908,0.0105
CC-MAIN-2020-29,windows-1258,899,899,0.0000
CC-MAIN-2020-29,windows-31j,59295,59020,0.0019
CC-MAIN-2020-29,x-IBM949,1283,1264,0.0000
CC-MAIN-2020-29,x-MacCyrillic,122517,122194,0.0039
CC-MAIN-2020-29,x-iso-8859-11,1586,1585,0.0001
CC-MAIN-2020-29,x-windows-874,547707,545401,0.0174
CC-MAIN-2020-29,x-windows-949,1045,1040,0.0000
CC-MAIN-2020-29,x-windows-950,196,195,0.0000
CC-MAIN-2020-34,<other>,573,572,0.0000
CC-MAIN-2020-34,<unknown>,30202420,30202420,1.2328
CC-MAIN-2020-34,Big5,2296290,2287976,0.0937
CC-MAIN-2020-34,Big5-HKSCS,2314,2314,0.0001
CC-MAIN-2020-34,EUC-JP,6803300,6772022,0.2777
CC-MAIN-2020-34,EUC-KR,3731692,3721766,0.1523
CC-MAIN-2020-34,GB18030,1702014,1698623,0.0695
CC-MAIN-2020-34,GB2312,25212566,25131193,1.0292
CC-MAIN-2020-34,GBK,11738021,11693746,0.4791
CC-MAIN-2020-34,IBM855,8641,8637,0.0004
CC-MAIN-2020-34,IBM866,19982,19889,0.0008
CC-MAIN-2020-34,ISO-2022-JP,17893,17844,0.0007
CC-MAIN-2020-34,ISO-8859-1,85569092,84987641,3.4929
CC-MAIN-2020-34,ISO-8859-13,7131,7102,0.0003
CC-MAIN-2020-34,ISO-8859-15,2856821,2832480,0.1166
CC-MAIN-2020-34,ISO-8859-2,4834520,4800982,0.1973
CC-MAIN-2020-34,ISO-8859-3,10635,10580,0.0004
CC-MAIN-2020-34,ISO-8859-4,31297,31093,0.0013
CC-MAIN-2020-34,ISO-8859-5,71515,71389,0.0029
CC-MAIN-2020-34,ISO-8859-6,10300,10267,0.0004
CC-MAIN-2020-34,ISO-8859-7,325182,321611,0.0133
CC-MAIN-2020-34,ISO-8859-8,17421,17298,0.0007
CC-MAIN-2020-34,ISO-8859-9,989704,983098,0.0404
CC-MAIN-2020-34,KOI8-R,248608,247860,0.0101
CC-MAIN-2020-34,KOI8-U,3252,3249,0.0001
CC-MAIN-2020-34,Shift_JIS,8587127,8546403,0.3505
CC-MAIN-2020-34,TIS-620,380007,377607,0.0155
CC-MAIN-2020-34,US-ASCII,803600,802046,0.0328
CC-MAIN-2020-34,UTF-16,140207,139867,0.0057
CC-MAIN-2020-34,UTF-16BE,4219,4217,0.0002
CC-MAIN-2020-34,UTF-16LE,15713,15599,0.0006
CC-MAIN-2020-34,UTF-32,2335,2322,0.0001
CC-MAIN-2020-34,UTF-8,2218490687,2199279340,90.5568
CC-MAIN-2020-34,windows-1250,2964278,2945284,0.1210
CC-MAIN-2020-34,windows-1251,25651480,25497441,1.0471
CC-MAIN-2020-34,windows-1252,11318952,11242527,0.4620
CC-MAIN-2020-34,windows-1253,127004,126517,0.0052
CC-MAIN-2020-34,windows-1254,653428,648196,0.0267
CC-MAIN-2020-34,windows-1255,641618,638137,0.0262
CC-MAIN-2020-34,windows-1256,2445592,2436956,0.0998
CC-MAIN-2020-34,windows-1257,262050,260772,0.0107
CC-MAIN-2020-34,windows-1258,578,578,0.0000
CC-MAIN-2020-34,windows-31j,55313,53974,0.0023
CC-MAIN-2020-34,x-IBM949,1097,1065,0.0000
CC-MAIN-2020-34,x-MacCyrillic,103279,103092,0.0042
CC-MAIN-2020-34,x-iso-8859-11,585,585,0.0000
CC-MAIN-2020-34,x-windows-874,472831,472161,0.0193
CC-MAIN-2020-34,x-windows-949,879,876,0.0000
CC-MAIN-2020-34,x-windows-950,196,196,0.0000
CC-MAIN-2020-40,<other>,693,690,0.0000
CC-MAIN-2020-40,<unknown>,66263569,66263569,1.9076
CC-MAIN-2020-40,Big5,2400643,2392890,0.0691
CC-MAIN-2020-40,Big5-HKSCS,2975,2883,0.0001
CC-MAIN-2020-40,EUC-JP,6871809,6836299,0.1978
CC-MAIN-2020-40,EUC-KR,3820835,3811766,0.1100
CC-MAIN-2020-40,GB18030,1823621,1818742,0.0525
CC-MAIN-2020-40,GB2312,31535254,31444302,0.9079
CC-MAIN-2020-40,GBK,11160914,11126933,0.3213
CC-MAIN-2020-40,IBM855,10291,10227,0.0003
CC-MAIN-2020-40,IBM866,25370,25223,0.0007
CC-MAIN-2020-40,ISO-2022-JP,17333,17300,0.0005
CC-MAIN-2020-40,ISO-8859-1,97796569,97131167,2.8154
CC-MAIN-2020-40,ISO-8859-13,6442,6441,0.0002
CC-MAIN-2020-40,ISO-8859-15,3576596,3543781,0.1030
CC-MAIN-2020-40,ISO-8859-2,4870099,4841695,0.1402
CC-MAIN-2020-40,ISO-8859-3,8944,8923,0.0003
CC-MAIN-2020-40,ISO-8859-4,35399,35232,0.0010
CC-MAIN-2020-40,ISO-8859-5,76082,75481,0.0022
CC-MAIN-2020-40,ISO-8859-6,10326,10038,0.0003
CC-MAIN-2020-40,ISO-8859-7,341684,338804,0.0098
CC-MAIN-2020-40,ISO-8859-8,17247,17142,0.0005
CC-MAIN-2020-40,ISO-8859-9,1182475,1175296,0.0340
CC-MAIN-2020-40,KOI8-R,301118,300407,0.0087
CC-MAIN-2020-40,KOI8-U,5187,5061,0.0001
CC-MAIN-2020-40,Shift_JIS,8803971,8759528,0.2535
CC-MAIN-2020-40,TIS-620,404607,402676,0.0116
CC-MAIN-2020-40,US-ASCII,785653,784096,0.0226
CC-MAIN-2020-40,UTF-16,103996,101442,0.0030
CC-MAIN-2020-40,UTF-16BE,32108,32107,0.0009
CC-MAIN-2020-40,UTF-16LE,23270,23104,0.0007
CC-MAIN-2020-40,UTF-32,2587,2549,0.0001
CC-MAIN-2020-40,UTF-8,3174210781,3148643781,91.3818
CC-MAIN-2020-40,windows-1250,3524110,3493824,0.1015
CC-MAIN-2020-40,windows-1251,36215160,36034094,1.0426
CC-MAIN-2020-40,windows-1252,12649080,12565017,0.3642
CC-MAIN-2020-40,windows-1253,129730,129120,0.0037
CC-MAIN-2020-40,windows-1254,700741,695282,0.0202
CC-MAIN-2020-40,windows-1255,610445,607272,0.0176
CC-MAIN-2020-40,windows-1256,2322579,2311483,0.0669
CC-MAIN-2020-40,windows-1257,236223,234761,0.0068
CC-MAIN-2020-40,windows-1258,466,466,0.0000
CC-MAIN-2020-40,windows-31j,59501,58692,0.0017
CC-MAIN-2020-40,x-IBM949,1470,1454,0.0000
CC-MAIN-2020-40,x-MacCyrillic,113544,113228,0.0033
CC-MAIN-2020-40,x-iso-8859-11,457,457,0.0000
CC-MAIN-2020-40,x-windows-874,477353,476734,0.0137
CC-MAIN-2020-40,x-windows-949,1664,1656,0.0000
CC-MAIN-2020-40,x-windows-950,235,235,0.0000
CC-MAIN-2020-45,<other>,428,424,0.0000
CC-MAIN-2020-45,<unknown>,50169903,50169903,1.8370
CC-MAIN-2020-45,Big5,1901239,1889753,0.0696
CC-MAIN-2020-45,Big5-HKSCS,3604,3602,0.0001
CC-MAIN-2020-45,EUC-JP,5434883,5406002,0.1990
CC-MAIN-2020-45,EUC-KR,3050595,3041546,0.1117
CC-MAIN-2020-45,GB18030,1591767,1587932,0.0583
CC-MAIN-2020-45,GB2312,27658775,27577521,1.0127
CC-MAIN-2020-45,GBK,8820877,8802153,0.3230
CC-MAIN-2020-45,IBM855,8027,8015,0.0003
CC-MAIN-2020-45,IBM866,30284,30103,0.0011
CC-MAIN-2020-45,ISO-2022-JP,12244,12225,0.0004
CC-MAIN-2020-45,ISO-8859-1,80822792,80223502,2.9594
CC-MAIN-2020-45,ISO-8859-13,1804,1804,0.0001
CC-MAIN-2020-45,ISO-8859-15,2804646,2781225,0.1027
CC-MAIN-2020-45,ISO-8859-2,4159141,4137911,0.1523
CC-MAIN-2020-45,ISO-8859-3,5357,5319,0.0002
CC-MAIN-2020-45,ISO-8859-4,22483,22412,0.0008
CC-MAIN-2020-45,ISO-8859-5,66648,66457,0.0024
CC-MAIN-2020-45,ISO-8859-6,9699,9476,0.0004
CC-MAIN-2020-45,ISO-8859-7,309392,305971,0.0113
CC-MAIN-2020-45,ISO-8859-8,13276,13223,0.0005
CC-MAIN-2020-45,ISO-8859-9,1040157,1035075,0.0381
CC-MAIN-2020-45,KOI8-R,240493,239537,0.0088
CC-MAIN-2020-45,KOI8-U,3342,3317,0.0001
CC-MAIN-2020-45,Shift_JIS,7966262,7919592,0.2917
CC-MAIN-2020-45,TIS-620,355247,353114,0.0130
CC-MAIN-2020-45,US-ASCII,743305,741667,0.0272
CC-MAIN-2020-45,UTF-16,66773,66416,0.0024
CC-MAIN-2020-45,UTF-16BE,10481,10479,0.0004
CC-MAIN-2020-45,UTF-16LE,20331,20197,0.0007
CC-MAIN-2020-45,UTF-32,827,820,0.0000
CC-MAIN-2020-45,UTF-8,2491526564,2471541264,91.2292
CC-MAIN-2020-45,windows-1250,2863761,2834650,0.1049
CC-MAIN-2020-45,windows-1251,25034558,24900774,0.9167
CC-MAIN-2020-45,windows-1252,10410333,10334898,0.3812
CC-MAIN-2020-45,windows-1253,95265,94649,0.0035
CC-MAIN-2020-45,windows-1254,592775,584526,0.0217
CC-MAIN-2020-45,windows-1255,487122,485103,0.0178
CC-MAIN-2020-45,windows-1256,1945951,1934930,0.0713
CC-MAIN-2020-45,windows-1257,215887,214564,0.0079
CC-MAIN-2020-45,windows-1258,284,283,0.0000
CC-MAIN-2020-45,windows-31j,56451,55921,0.0021
CC-MAIN-2020-45,x-IBM949,1284,1257,0.0000
CC-MAIN-2020-45,x-MacCyrillic,90251,90051,0.0033
CC-MAIN-2020-45,x-iso-8859-11,404,403,0.0000
CC-MAIN-2020-45,x-windows-874,395723,395147,0.0145
CC-MAIN-2020-45,x-windows-949,1470,1466,0.0001
CC-MAIN-2020-45,x-windows-950,78,68,0.0000
